,Resultados
1,0
2,2
3,3
4,1
5,0
6,0
7,1
8,3
9,1
10,1
11,3
12,2
13,0
14,3
15,1
16,0
17,2
18,0
19,1
20,2
21,1
22,0
23,1
24,0
25,3
26,1
27,0
28,1
29,1
30,1
31,1
32,1
33,0
34,3
35,0
36,1
37,3
38,1
39,1
40,1
41,1
42,1
43,2
44,0
45,1
46,1
47,3
48,1
49,0
50,0
51,1
52,1
53,0
54,3
55,3
56,3
57,2
58,1
59,1
60,1
61,3
62,1
63,1
64,3
65,1
66,1
67,1
68,1
69,3
70,3
71,1
72,0
73,1
74,0
75,0
76,0
77,0
78,1
79,0
80,0
81,3
82,0
83,1
84,0
85,3
86,1
87,3
88,0
89,1
90,2
91,0
92,3
93,0
94,1
95,1
96,1
97,0
98,1
99,1
100,0
101,1
102,2
103,1
104,0
105,1
106,1
107,1
108,1
109,1
110,2
111,0
112,1
113,0
114,1
115,1
116,1
117,2
118,1
119,2
120,3
121,2
122,2
123,1
124,0
125,1
126,0
127,0
128,1
129,0
130,1
131,1
132,2
133,2
134,1
135,1
136,0
137,3
138,1
139,2
140,2
141,1
142,1
143,2
144,1
145,2
146,3
147,0
148,2
149,1
150,1
151,1
152,3
153,1
154,2
155,0
156,0
157,0
158,1
159,1
160,1
161,2
162,0
163,0
164,1
165,1
166,1
167,3
168,1
169,2
170,1
171,3
172,3
173,1
174,1
175,1
176,1
177,0
178,0
179,2
180,1
181,1
182,1
183,1
184,3
185,3
186,3
187,1
188,2
189,1
190,1
191,1
192,2
193,1
194,1
195,0
196,1
197,0
198,2
199,1
200,1
201,1
202,0
203,0
204,1
205,3
206,1
207,1
208,0
209,2
210,1
211,3
212,3
213,2
214,1
215,3
216,0
217,0
218,1
219,1
220,1
221,2
222,1
223,2
224,0
225,1
226,2
227,0
228,1
229,0
230,1
231,1
232,0
233,1
234,2
235,0
236,0
237,0
238,1
239,1
240,0
241,1
242,1
243,0
244,2
245,1
246,3
247,3
248,2
249,1
250,0
251,1
252,1
253,1
254,1
255,1
256,1
257,1
258,1
259,1
260,0
261,0
262,1
263,0
264,1
265,0
266,1
267,1
268,2
269,1
270,1
271,1
272,0
273,1
274,1
275,2
276,3
277,1
278,0
279,1
280,1
281,3
282,1
283,0
284,0
285,0
286,3
287,2
288,1
289,3
290,1
291,0
292,1
293,2
294,0
295,1
296,1
297,3
298,1
299,1
300,3
301,1
302,1
303,0
304,0
305,1
306,2
307,1
308,0
309,1
310,0
311,3
312,0
313,1
314,0
315,3
316,1
317,3
318,2
319,0
320,1
321,1
322,1
323,1
324,1
325,1
326,1
327,2
328,1
329,1
330,1
331,1
332,3
333,1
334,3
335,1
336,1
337,1
338,0
339,1
340,0
341,1
342,0
343,1
344,1
345,0
346,1
347,0
348,1
349,1
350,3
351,3
352,1
353,2
354,1
355,2
356,1
357,3
358,1
359,3
360,1
361,3
362,0
363,0
364,3
365,1
366,1
367,3
368,1
369,3
370,0
371,0
372,1
373,3
374,3
375,0
376,3
377,0
378,1
379,1
380,1
381,0
382,0
383,1
384,0
385,2
386,0
387,1
388,1
389,1
390,1
391,2
392,1
393,1
394,1
395,3
396,1
397,2
398,0
399,0
400,1
401,3
402,2
403,0
404,2
405,1
406,0
407,3
408,1
409,3
410,0
411,1
412,0
413,2
414,1
415,0
416,2
417,1
418,2
419,0
420,1
421,0
422,3
423,1
424,3
425,1
426,1
427,0
428,1
429,0
430,1
431,1
432,1
433,2
434,1
435,0
436,1
437,2
438,1
439,0
440,3
441,1
442,1
443,0
444,0
445,1
446,2
447,1
448,0
449,1
450,1
451,1
452,3
453,1
454,1
455,1
456,3
457,1
458,1
459,1
460,1
461,1
462,3
463,1
464,1
465,0
466,0
467,1
468,1
469,3
470,1
471,1
472,0
473,0
474,1
475,0
476,0
477,1
478,1
479,3
480,0
481,1
482,0
483,0
484,1
485,2
486,1
487,3
488,0
489,3
490,1
491,2
492,2
493,0
494,2
495,1
496,0
497,1
498,1
499,1
500,2
501,2
502,0
503,0
504,1
505,2
506,0
507,0
508,0
509,1
510,0
511,2
512,0
513,1
514,3
515,1
516,1
517,1
518,3
519,1
520,0
521,1
522,0
523,0
524,1
525,1
526,3
527,1
528,1
529,3
530,2
531,3
532,1
533,0
534,0
535,1
536,0
537,2
538,1
539,0
540,1
541,2
542,2
543,1
544,1
545,3
546,1
547,2
548,1
549,1
550,1
551,1
552,2
553,2
554,1
555,2
556,1
557,1
558,0
559,1
560,1
561,0
562,2
563,1
564,1
565,1
566,3
567,1
568,0
569,1
570,2
571,1
572,1
573,0
574,1
575,1
576,1
577,1
578,2
579,2
580,0
581,0
582,3
583,3
584,3
585,1
586,0
587,1
588,3
589,1
590,0
591,3
592,1
593,0
594,1
595,1
596,1
597,1
598,3
599,2
600,0
601,2
602,0
603,1
604,0
605,0
606,0
607,3
608,2
609,2
610,3
611,0
612,3
613,1
614,1
615,1
616,3
617,1
618,0
619,2
620,0
621,1
622,3
623,3
624,3
625,1
626,1
627,1
628,3
629,1
630,1
631,1
632,1
633,1
634,3
635,0
636,0
637,1
638,2
639,1
640,1
641,1
642,0
643,0
644,1
645,0
646,1
647,1
648,1
649,2
650,2
651,0
652,2
653,1
654,1
655,1
656,2
657,1
658,2
659,0
660,0
661,0
662,1
663,3
664,0
665,3
666,1
667,2
668,1
669,3
670,1
671,0
672,1
673,2
674,0
675,0
676,1
677,0
678,0
679,1
680,2
681,0
682,3
683,1
684,1
685,1
686,1
687,2
688,1
689,1
690,2
691,1
692,1
693,0
694,0
695,2
696,3
697,1
698,3
699,3
700,2
701,1
702,0
703,2
704,1
705,0
706,1
707,2
708,1
709,3
710,1
711,0
712,2
713,1
714,1
715,3
716,1
717,1
718,1
719,2
720,0
721,1
722,1
723,1
724,1
725,2
726,0
727,3
728,2
729,2
730,1
731,3
732,0
733,1
734,1
735,2
736,3
737,0
738,0
739,1
740,0
741,0
742,1
743,0
744,0
745,2
746,0
747,0
748,1
749,0
750,1
751,0
752,3
753,1
754,1
755,3
756,0
757,1
758,0
759,1
760,2
761,2
762,3
763,0
764,1
765,0
766,2
767,3
768,3
769,3
770,3
771,0
772,2
773,3
774,0
775,1
776,1
777,1
778,1
779,0
780,1
781,0
782,2
783,1
784,0
785,1
786,3
787,0
788,1
789,0
790,0
791,3
792,1
793,0
794,2
795,1
796,1
797,1
798,1
799,2
800,1
801,1
802,2
803,2
804,1
805,2
806,2
807,3
808,1
809,0
810,0
811,1
812,2
813,1
814,0
815,2
816,0
817,1
818,1
819,1
820,1
821,1
822,0
823,0
824,1
825,1
826,3
827,1
828,0
829,0
830,3
831,2
832,1
833,2
834,3
835,0
836,0
837,3
838,1
839,1
840,0
841,1
842,1
843,0
844,1
845,1
846,1
847,0
848,3
849,1
850,1
851,0
852,0
853,3
854,1
855,1
856,3
857,1
858,1
859,1
860,1
861,1
862,1
863,0
864,1
865,2
866,3
867,3
868,0
869,0
870,2
871,2
872,1
873,1
874,0
875,0
876,1
877,1
878,0
879,1
880,2
881,1
882,1
883,1
884,3
885,1
886,1
887,1
888,1
889,1
890,1
891,1
892,1
893,1
894,1
895,1
896,1
897,1
898,1
899,1
900,1
901,2
902,1
903,0
904,1
905,1
906,1
907,0
908,1
909,1
910,1
911,1
912,1
913,0
914,1
915,3
916,3
917,1
918,1
919,2
920,3
921,0
922,2
923,1
924,1
925,0
926,0
927,1
928,1
929,1
930,2
931,0
932,0
933,1
934,0
935,0
936,1
937,1
938,1
939,1
940,2
941,1
942,1
943,2
944,1
945,1
946,0
947,1
948,3
949,0
950,1
951,1
952,1
953,1
954,3
955,1
956,0
957,0
958,2
959,1
960,0
961,0
962,3
963,1
964,2
965,3
966,2
967,2
968,1
969,0
970,0
971,1
972,0
973,1
974,1
975,2
976,2
977,1
978,2
979,3
980,2
981,0
982,1
983,1
984,1
985,0
986,1
987,3
988,2
989,1
990,0
991,1
992,0
993,1
994,1
995,1
996,3
997,2
998,2
999,1
1000,1
1001,0
1002,1
1003,1
1004,1
1005,2
1006,1
1007,1
1008,3
1009,3
1010,2
1011,3
1012,1
1013,1
1014,0
1015,1
1016,3
1017,2
1018,0
1019,1
1020,1
1021,2
1022,1
1023,3
1024,1
1025,0
1026,1
1027,2
1028,1
1029,0
1030,0
1031,1
1032,0
1033,1
1034,1
1035,1
1036,0
1037,2
1038,1
1039,1
1040,3
1041,0
1042,3
1043,1
1044,3
1045,2
1046,2
1047,1
1048,0
1049,0
1050,0
1051,1
1052,0
1053,0
1054,3
1055,0
1056,3
1057,0
1058,2
1059,3
1060,1
1061,2
1062,1
1063,1
1064,0
1065,3
1066,3
1067,2
1068,2
1069,0
1070,0
1071,3
1072,3
1073,2
1074,0
1075,1
1076,0
1077,2
1078,1
1079,0
1080,1
1081,0
1082,3
1083,3
1084,1
1085,1
1086,0
1087,1
1088,1
1089,0
1090,1
1091,0
1092,3
1093,2
1094,3
1095,1
1096,2
1097,3
1098,1
1099,2
1100,1
1101,1
1102,1
1103,0
1104,1
1105,1
1106,1
1107,0
1108,1
1109,1
1110,3
1111,0
1112,1
1113,0
1114,1
1115,0
1116,1
1117,1
1118,0
1119,1
1120,0
1121,1
1122,3
1123,3
1124,3
1125,0
1126,1
1127,1
1128,1
1129,1
1130,2
1131,0
1132,1
1133,1
1134,0
1135,1
1136,3
1137,0
1138,1
1139,0
1140,0
1141,1
1142,3
1143,1
1144,1
1145,2
1146,1
1147,0
1148,3
1149,0
1150,2
1151,1
1152,1
1153,0
1154,2
1155,1
1156,3
1157,1
1158,1
1159,1
1160,1
1161,0
1162,2
1163,0
1164,0
1165,1
1166,2
1167,0
1168,1
1169,1
1170,1
1171,3
1172,1
1173,1
1174,2
1175,2
1176,3
1177,1
1178,2
1179,1
1180,0
1181,1
1182,1
1183,1
1184,1
1185,1
1186,0
1187,0
1188,1
1189,0
1190,1
1191,2
1192,0
1193,0
1194,1
1195,1
1196,1
1197,2
1198,1
1199,0
1200,0
1201,0
1202,0
1203,0
1204,2
1205,1
1206,0
1207,3
1208,1
1209,2
1210,2
1211,0
1212,1
1213,0
1214,1
1215,3
1216,0
1217,1
1218,1
1219,0
1220,3
1221,3
1222,1
1223,2
1224,1
1225,1
1226,3
1227,1
1228,0
1229,1
1230,3
1231,1
1232,3
1233,0
1234,3
1235,1
1236,0
1237,1
1238,1
1239,0
1240,1
1241,1
1242,1
1243,1
1244,2
1245,3
1246,2
1247,0
1248,3
1249,1
1250,1
1251,3
1252,1
1253,1
1254,1
1255,2
1256,1
1257,0
1258,1
1259,1
1260,3
1261,1
1262,1
1263,1
1264,1
1265,3
1266,1
1267,1
1268,0
1269,3
1270,1
1271,3
1272,2
1273,1
1274,1
1275,3
1276,1
1277,0
1278,1
1279,1
1280,1
1281,0
1282,2
1283,2
1284,1
1285,1
1286,1
1287,2
1288,2
1289,0
1290,1
1291,1
1292,1
1293,0
1294,1
1295,1
1296,2
1297,1
1298,0
1299,1
1300,1
1301,0
1302,3
1303,3
1304,2
1305,3
1306,1
1307,0
1308,2
1309,2
1310,2
1311,1
1312,3
1313,1
1314,2
1315,0
1316,1
1317,1
1318,0
1319,1
1320,0
1321,0
1322,2
1323,1
1324,0
1325,3
1326,0
1327,2
1328,1
1329,0
1330,2
1331,1
1332,1
1333,2
1334,1
1335,1
1336,3
1337,0
1338,1
1339,1
1340,0
1341,1
1342,1
1343,3
1344,3
1345,1
1346,0
1347,3
1348,1
1349,0
1350,1
1351,3
1352,0
1353,3
1354,1
1355,3
1356,1
1357,1
1358,1
1359,0
1360,1
1361,1
1362,1
1363,2
1364,1
1365,1
1366,1
1367,3
1368,1
1369,0
1370,1
1371,1
1372,1
1373,1
1374,0
1375,2
1376,0
1377,0
1378,1
1379,0
1380,3
1381,1
1382,1
1383,1
1384,0
1385,3
1386,3
1387,2
1388,3
1389,1
1390,1
1391,0
1392,0
1393,1
1394,1
1395,1
1396,1
1397,1
1398,1
1399,1
1400,1
1401,1
1402,0
1403,1
1404,1
1405,2
1406,3
1407,2
1408,0
1409,1
1410,1
1411,1
1412,2
1413,1
1414,0
1415,1
1416,0
1417,1
1418,2
1419,1
1420,3
1421,0
1422,2
1423,0
1424,0
1425,1
1426,1
1427,1
1428,1
1429,1
1430,3
1431,2
1432,1
1433,0
1434,1
1435,1
1436,1
1437,1
1438,0
1439,1
1440,2
1441,0
1442,2
1443,1
1444,3
1445,2
1446,1
1447,2
1448,3
1449,0
1450,3
1451,2
1452,0
1453,1
1454,0
1455,1
1456,1
1457,2
1458,1
1459,0
1460,0
1461,0
1462,1
1463,1
1464,1
1465,0
1466,0
1467,1
1468,1
1469,0
1470,1
1471,1
1472,1
1473,1
1474,3
1475,1
1476,1
1477,3
1478,1
1479,1
1480,1
1481,2
1482,2
1483,0
1484,2
1485,1
1486,1
1487,1
1488,0
1489,1
1490,0
1491,1
1492,1
1493,3
1494,3
1495,1
1496,2
1497,1
1498,1
1499,1
1500,1
1501,1
1502,0
1503,1
1504,3
1505,1
1506,3
1507,2
1508,1
1509,0
1510,3
1511,2
1512,0
1513,0
1514,2
1515,2
1516,1
1517,0
1518,1
1519,1
1520,1
1521,0
1522,0
1523,2
1524,1
1525,1
1526,0
1527,1
1528,2
1529,3
1530,3
1531,3
1532,1
1533,1
1534,0
1535,0
1536,1
1537,0
1538,3
1539,0
1540,3
1541,3
1542,0
1543,0
1544,1
1545,3
1546,1
1547,3
1548,1
1549,1
1550,3
1551,1
1552,1
1553,1
1554,1
1555,0
1556,1
1557,1
1558,1
1559,1
1560,1
1561,0
1562,1
1563,1
1564,1
1565,2
1566,0
1567,1
1568,1
1569,1
1570,0
1571,1
1572,3
1573,1
1574,3
1575,3
1576,0
1577,1
1578,1
1579,1
1580,3
1581,3
1582,3
1583,2
1584,3
1585,1
1586,1
1587,0
1588,1
1589,2
1590,1
1591,1
1592,1
1593,1
1594,1
1595,2
1596,1
1597,0
1598,0
1599,3
1600,0
1601,1
1602,1
1603,3
1604,1
1605,0
1606,1
1607,3
1608,1
1609,1
1610,0
1611,3
1612,1
1613,0
1614,1
1615,0
1616,1
1617,2
1618,3
1619,2
1620,0
1621,1
1622,1
1623,1
1624,1
1625,1
1626,0
1627,1
1628,1
1629,1
1630,0
1631,3
1632,0
1633,0
1634,1
1635,3
1636,1
1637,0
1638,1
1639,1
1640,1
1641,1
1642,1
1643,1
1644,1
1645,0
1646,1
1647,0
1648,1
1649,0
1650,1
1651,0
1652,1
1653,0
1654,1
1655,2
1656,0
1657,3
1658,1
1659,1
1660,0
1661,1
1662,0
1663,1
1664,1
1665,0
1666,3
1667,1
1668,1
1669,3
1670,1
1671,1
1672,1
1673,1
1674,1
1675,1
1676,0
1677,0
1678,0
1679,1
1680,2
1681,3
1682,1
1683,2
1684,2
1685,1
1686,1
1687,0
1688,3
1689,2
1690,1
1691,1
1692,0
1693,0
1694,1
1695,1
1696,2
1697,1
1698,1
1699,1
1700,1
1701,3
1702,0
1703,1
1704,1
1705,1
1706,1
1707,1
1708,1
1709,0
1710,1
1711,1
1712,0
1713,0
1714,1
1715,2
1716,2
1717,0
1718,0
1719,3
1720,1
1721,0
1722,2
1723,3
1724,1
1725,0
1726,0
1727,1
1728,1
1729,1
1730,1
1731,1
1732,1
1733,1
1734,3
1735,1
1736,0
1737,1
1738,1
1739,3
1740,3
1741,1
1742,1
1743,1
1744,1
1745,1
1746,1
1747,1
1748,0
1749,0
1750,1
1751,1
1752,0
1753,0
1754,1
1755,1
1756,1
1757,1
1758,0
1759,1
1760,0
1761,1
1762,1
1763,0
1764,1
1765,3
1766,1
1767,1
1768,3
1769,2
1770,0
1771,1
1772,1
1773,1
1774,1
1775,3
1776,0
1777,1
1778,1
1779,1
1780,1
1781,1
1782,2
1783,0
1784,3
1785,1
1786,3
1787,3
1788,0
1789,0
1790,1
1791,1
1792,1
1793,3
1794,0
1795,1
1796,1
1797,1
1798,0
1799,1
1800,0
1801,1
1802,0
1803,1
1804,1
1805,0
1806,1
1807,1
1808,1
1809,0
1810,0
1811,1
1812,1
1813,1
1814,2
1815,1
1816,3
1817,0
1818,0
1819,2
1820,0
1821,0
1822,0
1823,3
1824,2
1825,3
1826,0
1827,3
1828,1
1829,0
1830,1
1831,3
1832,1
1833,1
1834,1
1835,0
1836,0
1837,2
1838,3
1839,1
1840,1
1841,1
1842,1
1843,3
1844,1
1845,0
1846,2
1847,0
1848,0
1849,3
1850,3
1851,1
1852,1
1853,1
1854,1
1855,1
1856,1
1857,3
1858,1
1859,2
1860,2
1861,0
1862,0
1863,1
1864,1
1865,1
1866,2
1867,1
1868,1
1869,1
1870,0
1871,1
1872,1
1873,1
1874,3
1875,2
1876,3
1877,1
1878,0
1879,3
1880,1
1881,1
1882,1
1883,1
1884,2
1885,2
1886,1
1887,1
1888,0
1889,1
1890,1
1891,0
1892,1
1893,2
1894,3
1895,1
1896,1
1897,0
1898,1
1899,2
1900,1
1901,2
1902,0
1903,0
1904,1
1905,1
1906,1
1907,1
1908,1
1909,1
1910,0
1911,1
1912,2
1913,1
1914,1
1915,0
1916,3
1917,1
1918,0
1919,0
1920,0
1921,2
1922,1
1923,1
1924,1
1925,3
1926,1
1927,0
1928,1
1929,3
1930,1
1931,3
1932,2
1933,2
1934,3
1935,0
1936,3
1937,1
1938,3
1939,1
1940,0
1941,1
1942,1
1943,1
1944,1
1945,2
1946,1
1947,3
1948,0
1949,3
1950,1
1951,1
1952,3
1953,3
1954,1
1955,1
1956,0
1957,0
1958,0
1959,1
1960,0
1961,1
1962,1
1963,2
1964,2
1965,1
1966,0
1967,3
1968,3
1969,1
1970,2
1971,1
1972,0
1973,2
1974,1
1975,2
1976,0
1977,0
1978,1
1979,0
1980,1
1981,2
1982,0
1983,3
1984,1
1985,1
1986,1
1987,0
1988,1
1989,1
1990,0
1991,2
1992,1
1993,3
1994,1
1995,0
1996,2
1997,3
1998,3
1999,1
2000,1
2001,0
2002,1
2003,1
2004,0
2005,1
2006,3
2007,0
2008,1
2009,1
2010,1
2011,3
2012,0
2013,3
2014,2
2015,1
2016,1
2017,2
2018,1
2019,3
2020,1
2021,1
2022,2
2023,1
2024,1
2025,1
2026,1
2027,0
2028,0
2029,0
2030,0
2031,2
2032,0
2033,1
2034,0
2035,3
2036,2
2037,1
2038,1
2039,1
2040,3
2041,1
2042,1
2043,3
2044,2
2045,2
2046,1
2047,0
2048,0
2049,1
2050,3
2051,1
2052,1
2053,1
2054,2
2055,3
2056,1
2057,1
2058,0
2059,2
2060,1
2061,1
2062,0
2063,2
2064,1
2065,1
2066,3
2067,3
2068,3
2069,1
2070,1
2071,1
2072,1
2073,0
2074,1
2075,1
2076,2
2077,0
2078,1
2079,3
2080,1
2081,2
2082,0
2083,3
2084,1
2085,0
2086,0
2087,0
2088,1
2089,0
2090,0
2091,1
2092,3
2093,0
2094,0
2095,1
2096,1
2097,1
2098,1
2099,1
2100,1
2101,0
2102,0
2103,1
2104,1
2105,1
2106,3
2107,1
2108,0
2109,2
2110,1
2111,0
2112,0
2113,1
2114,2
2115,1
2116,1
2117,0
2118,0
2119,1
2120,1
2121,0
2122,0
2123,1
2124,3
2125,0
2126,1
2127,1
2128,2
2129,1
2130,1
2131,0
2132,1
2133,1
2134,1
2135,1
2136,1
2137,0
2138,1
2139,1
2140,0
2141,1
2142,2
2143,0
2144,1
2145,1
2146,0
2147,1
2148,1
2149,3
2150,1
2151,0
2152,0
2153,1
2154,1
2155,0
2156,2
2157,1
2158,1
2159,2
2160,2
2161,2
2162,0
2163,0
2164,1
2165,1
2166,1
2167,1
2168,1
2169,1
2170,1
2171,0
2172,3
2173,0
2174,2
2175,1
2176,0
2177,1
2178,3
2179,3
2180,2
2181,0
2182,0
2183,0
2184,1
2185,0
2186,3
2187,1
2188,0
2189,1
2190,0
2191,1
2192,3
2193,0
2194,0
2195,2
2196,0
2197,2
2198,0
2199,0
2200,1
2201,2
2202,1
2203,1
2204,3
2205,1
2206,0
2207,0
2208,1
2209,1
2210,0
2211,3
2212,1
2213,1
2214,1
2215,1
2216,0
2217,0
2218,1
2219,0
2220,1
2221,3
2222,0
2223,0
2224,1
2225,1
2226,3
2227,0
2228,0
2229,0
2230,2
2231,1
2232,2
2233,2
2234,0
2235,0
2236,2
2237,0
2238,2
2239,1
2240,2
2241,1
2242,3
2243,1
2244,0
2245,0
2246,0
2247,0
2248,0
2249,3
2250,1
2251,0
2252,1
2253,2
2254,0
2255,3
2256,0
2257,1
2258,0
2259,0
2260,3
2261,0
2262,0
2263,1
2264,0
2265,1
2266,0
2267,0
2268,0
2269,3
2270,1
2271,0
2272,1
2273,1
2274,0
2275,0
2276,1
2277,2
2278,1
2279,0
2280,0
2281,1
2282,1
2283,0
2284,0
2285,1
2286,1
2287,1
2288,0
2289,3
2290,1
2291,3
2292,1
2293,3
2294,1
2295,0
2296,3
2297,2
2298,0
2299,0
2300,2
2301,1
2302,0
2303,0
2304,1
2305,0
2306,0
2307,2
2308,3
2309,1
2310,2
2311,0
2312,1
2313,1
2314,2
2315,0
2316,1
2317,0
2318,1
2319,0
2320,1
2321,0
2322,2
2323,3
2324,1
2325,1
2326,1
2327,1
2328,2
2329,1
2330,0
2331,3
2332,1
2333,2
2334,0
2335,1
2336,1
2337,1
2338,1
2339,1
2340,0
2341,1
2342,0
2343,1
2344,2
2345,1
2346,2
2347,1
2348,0
2349,0
2350,1
2351,1
2352,1
2353,1
2354,1
2355,3
2356,1
2357,1
2358,1
2359,1
2360,1
2361,1
2362,3
2363,0
2364,0
2365,1
2366,1
2367,0
2368,0
2369,1
2370,1
2371,1
2372,3
2373,3
2374,1
2375,2
2376,0
2377,1
2378,1
2379,2
2380,1
2381,1
2382,2
2383,0
2384,0
2385,3
2386,1
2387,1
2388,1
2389,3
2390,1
2391,1
2392,0
2393,1
2394,2
2395,0
2396,2
2397,1
2398,3
2399,0
2400,1
2401,0
2402,1
2403,2
2404,0
2405,0
2406,1
2407,1
2408,0
2409,1
2410,3
2411,0
2412,2
2413,1
2414,0
2415,0
2416,2
2417,1
2418,2
2419,1
2420,0
2421,1
2422,0
2423,2
2424,0
2425,2
2426,0
2427,0
2428,0
2429,1
2430,3
2431,1
2432,0
2433,1
2434,1
2435,3
2436,0
2437,1
2438,0
2439,2
2440,1
2441,0
2442,1
2443,1
2444,1
2445,1
2446,3
2447,1
2448,0
2449,1
2450,1
2451,3
2452,2
2453,1
2454,1
2455,0
2456,1
2457,2
2458,3
2459,1
2460,3
2461,0
2462,1
2463,1
2464,1
2465,0
2466,2
2467,0
2468,1
2469,1
2470,1
2471,0
2472,0
2473,1
2474,1
2475,0
2476,2
2477,1
2478,1
2479,1
2480,1
2481,1
2482,3
2483,0
2484,1
2485,2
2486,2
2487,1
2488,3
2489,0
2490,3
2491,1
2492,1
2493,1
2494,1
2495,1
2496,2
2497,1
2498,1
2499,1
2500,2
2501,1
2502,1
2503,3
2504,1
2505,1
2506,2
2507,0
2508,3
2509,1
2510,1
2511,2
2512,1
2513,0
2514,0
2515,1
2516,2
2517,0
2518,1
2519,1
2520,1
2521,1
2522,1
2523,1
2524,1
2525,3
2526,1
2527,0
2528,0
2529,0
2530,1
2531,1
2532,2
2533,2
2534,1
2535,1
2536,1
2537,1
2538,1
2539,1
2540,3
2541,1
2542,3
2543,3
2544,1
2545,0
2546,1
2547,3
2548,1
2549,0
2550,1
2551,1
2552,3
2553,1
2554,1
2555,2
2556,0
2557,0
2558,3
2559,0
2560,1
2561,0
2562,1
2563,1
2564,3
2565,0
2566,1
2567,1
2568,1
2569,0
2570,1
2571,1
2572,1
2573,1
2574,1
2575,1
2576,0
2577,1
2578,0
2579,0
2580,1
2581,1
2582,1
2583,0
2584,1
2585,1
2586,0
2587,1
2588,1
2589,0
2590,1
2591,1
2592,1
2593,0
2594,3
2595,1
2596,1
2597,1
2598,0
2599,1
2600,0
2601,0
2602,2
2603,1
2604,1
2605,1
2606,0
2607,0
2608,1
2609,1
2610,1
2611,1
2612,1
2613,1
2614,2
2615,1
2616,1
2617,1
2618,0
2619,1
2620,1
2621,0
2622,0
2623,1
2624,1
2625,1
2626,1
2627,2
2628,1
2629,1
2630,1
2631,1
2632,0
2633,3
2634,1
2635,0
2636,0
2637,3
2638,2
2639,1
2640,0
2641,1
2642,0
2643,1
2644,1
2645,1
2646,3
2647,1
2648,0
2649,1
2650,0
2651,1
2652,2
2653,1
2654,1
2655,2
2656,2
2657,1
2658,1
2659,2
2660,1
2661,3
2662,1
2663,1
2664,2
2665,0
2666,1
2667,3
2668,0
2669,0
2670,1
2671,0
2672,2
2673,1
2674,1
2675,3
2676,1
2677,3
2678,3
2679,3
2680,1
2681,1
2682,1
2683,2
2684,0
2685,1
2686,1
2687,1
2688,1
2689,2
2690,1
2691,1
2692,0
2693,2
2694,1
2695,1
2696,2
2697,1
2698,1
2699,0
2700,1
2701,2
2702,1
2703,0
2704,0
2705,0
2706,0
2707,2
2708,1
2709,3
2710,3
2711,1
2712,1
2713,3
2714,1
2715,1
2716,3
2717,0
2718,1
2719,2
2720,0
2721,1
2722,1
2723,0
2724,1
2725,1
2726,0
2727,2
2728,3
2729,0
2730,0
2731,1
2732,1
2733,2
2734,3
2735,0
2736,1
2737,1
2738,0
2739,0
2740,0
2741,1
2742,1
2743,3
2744,3
2745,0
2746,0
2747,1
2748,0
2749,1
2750,0
2751,1
2752,1
2753,1
2754,1
2755,1
2756,1
2757,1
2758,1
2759,0
2760,1
2761,1
2762,0
2763,1
2764,1
2765,0
2766,1
2767,2
2768,0
2769,3
2770,1
2771,1
2772,1
2773,1
2774,0
2775,1
2776,3
2777,1
2778,0
2779,0
2780,1
2781,1
2782,2
2783,3
2784,0
2785,2
2786,1
2787,1
2788,1
2789,0
2790,1
2791,1
2792,1
2793,1
2794,1
2795,0
2796,1
2797,3
2798,1
2799,1
2800,3
2801,1
2802,0
2803,1
2804,2
2805,1
2806,1
2807,0
2808,0
2809,1
2810,1
2811,0
2812,3
2813,1
2814,2
2815,0
2816,3
2817,0
2818,2
2819,0
2820,3
2821,0
2822,0
2823,3
2824,1
2825,1
2826,0
2827,2
2828,1
2829,1
2830,0
2831,1
2832,1
2833,1
2834,3
2835,1
2836,2
2837,1
2838,3
2839,1
2840,2
2841,1
2842,2
2843,1
2844,1
2845,1
2846,0
2847,1
2848,0
2849,2
2850,2
2851,1
2852,2
2853,2
2854,0
2855,3
2856,3
2857,1
2858,0
2859,0
2860,1
2861,0
2862,1
2863,2
2864,1
2865,1
2866,3
2867,1
2868,1
2869,1
2870,1
2871,1
2872,1
2873,2
2874,1
2875,1
2876,2
2877,1
2878,3
2879,1
2880,1
2881,3
2882,1
2883,0
2884,1
2885,3
2886,1
2887,1
2888,0
2889,1
2890,2
2891,2
2892,1
2893,3
2894,2
2895,1
2896,0
2897,0
2898,0
2899,3
2900,1
2901,1
2902,0
2903,0
2904,2
2905,0
2906,1
2907,0
2908,1
2909,1
2910,1
2911,0
2912,0
2913,3
2914,2
2915,0
2916,2
2917,1
2918,3
2919,2
2920,1
2921,1
2922,2
2923,1
2924,1
2925,1
2926,1
2927,3
2928,1
2929,3
2930,1
2931,1
2932,1
2933,1
2934,1
2935,0
2936,3
2937,1
2938,1
2939,0
2940,0
2941,3
2942,1
2943,1
2944,0
2945,1
2946,1
2947,1
2948,1
2949,0
2950,1
2951,3
2952,2
2953,0
2954,1
2955,1
2956,2
2957,1
2958,1
2959,1
2960,0
2961,2
2962,1
2963,1
2964,2
2965,1
2966,2
2967,2
2968,1
2969,1
2970,1
2971,0
2972,1
2973,1
2974,1
2975,3
2976,2
2977,2
2978,1
2979,2
2980,1
2981,2
2982,1
2983,0
2984,1
2985,3
2986,3
2987,1
2988,0
2989,2
2990,3
2991,1
2992,1
2993,2
2994,1
2995,1
2996,2
2997,1
2998,0
2999,1
3000,0
3001,0
3002,1
3003,1
3004,1
3005,1
3006,2
3007,1
3008,1
3009,0
3010,1
3011,2
3012,1
3013,3
3014,2
3015,1
3016,0
3017,1
3018,0
3019,1
3020,1
3021,1
3022,2
3023,3
3024,2
3025,1
3026,1
3027,1
3028,0
3029,1
3030,1
3031,1
3032,2
3033,2
3034,2
3035,1
3036,0
3037,0
3038,1
3039,2
3040,2
3041,0
3042,3
3043,3
3044,1
3045,1
3046,1
3047,2
3048,1
3049,1
3050,1
3051,1
3052,0
3053,2
3054,0
3055,1
3056,0
3057,3
3058,3
3059,1
3060,0
3061,1
3062,3
3063,0
3064,1
3065,3
3066,3
3067,2
3068,0
3069,0
3070,1
3071,1
3072,0
3073,2
3074,1
3075,1
3076,0
3077,0
3078,1
3079,1
3080,1
3081,1
3082,0
3083,1
3084,1
3085,1
3086,0
3087,0
3088,2
3089,3
3090,0
3091,0
3092,1
3093,0
3094,1
3095,0
3096,1
3097,1
3098,2
3099,1
3100,0
3101,2
3102,2
3103,2
3104,0
3105,3
3106,0
3107,1
3108,0
3109,3
3110,3
3111,1
3112,2
3113,3
3114,0
3115,1
3116,1
3117,1
3118,1
3119,1
3120,1
3121,1
3122,1
3123,0
3124,3
3125,0
3126,2
3127,1
3128,3
3129,3
3130,1
3131,1
3132,2
3133,1
3134,1
3135,1
3136,0
3137,1
3138,3
3139,2
3140,1
3141,1
3142,3
3143,0
3144,3
3145,3
3146,0
3147,1
3148,1
3149,0
3150,1
3151,1
3152,1
3153,3
3154,1
3155,1
3156,2
3157,1
3158,2
3159,1
3160,3
3161,1
3162,1
3163,2
3164,3
3165,3
3166,2
3167,1
3168,1
3169,1
3170,1
3171,0
3172,0
3173,1
3174,3
3175,1
3176,1
3177,3
3178,1
3179,0
3180,1
3181,1
3182,0
3183,3
3184,1
3185,3
3186,3
3187,3
3188,3
3189,0
3190,1
3191,3
3192,1
3193,1
3194,3
3195,2
3196,1
3197,2
3198,1
3199,1
3200,2
3201,1
3202,1
3203,0
3204,1
3205,1
3206,1
3207,1
3208,1
3209,1
3210,2
3211,1
3212,1
3213,1
3214,1
3215,2
3216,0
3217,0
3218,1
3219,0
3220,0
3221,1
3222,0
3223,0
3224,1
3225,0
3226,1
3227,2
3228,1
3229,0
3230,0
3231,1
3232,0
3233,3
3234,1
3235,1
3236,3
3237,0
3238,1
3239,0
3240,1
3241,1
3242,1
3243,1
3244,1
3245,1
3246,0
3247,0
3248,0
3249,1
3250,1
3251,1
3252,1
3253,3
3254,0
3255,1
3256,0
3257,2
3258,1
3259,1
3260,2
3261,2
3262,3
3263,1
3264,2
3265,3
3266,0
3267,3
3268,1
3269,2
3270,1
3271,1
3272,1
3273,1
3274,3
3275,1
3276,1
3277,1
3278,3
3279,0
3280,0
3281,0
3282,3
3283,3
3284,3
3285,3
3286,2
3287,1
3288,3
3289,3
3290,3
3291,0
3292,1
3293,1
3294,3
3295,1
3296,1
3297,1
3298,1
3299,0
3300,2
3301,1
3302,1
3303,0
3304,1
3305,1
3306,0
3307,0
3308,1
3309,1
3310,0
3311,1
3312,2
3313,1
3314,2
3315,2
3316,3
3317,1
3318,2
3319,2
3320,1
3321,0
3322,1
3323,2
3324,3
3325,0
3326,2
3327,0
3328,1
3329,1
3330,1
3331,2
3332,1
3333,1
3334,2
3335,1
3336,2
3337,1
3338,3
3339,0
3340,0
3341,1
3342,1
3343,3
3344,1
3345,1
3346,1
3347,1
3348,0
3349,3
3350,1
3351,3
3352,1
3353,1
3354,1
3355,1
3356,1
3357,3
3358,1
3359,2
3360,0
3361,0
3362,1
3363,1
3364,1
3365,1
3366,1
3367,3
3368,1
3369,0
3370,0
3371,1
3372,1
3373,0
3374,1
3375,0
3376,2
3377,1
3378,0
3379,2
3380,2
3381,1
3382,1
3383,1
3384,1
3385,0
3386,0
3387,1
3388,1
3389,1
3390,1
3391,2
3392,0
3393,1
3394,1
3395,2
3396,0
3397,0
3398,0
3399,3
3400,1
3401,1
3402,0
3403,1
3404,0
3405,0
3406,1
3407,3
3408,2
3409,0
3410,1
3411,1
3412,0
3413,1
3414,0
3415,1
3416,0
3417,2
3418,1
3419,1
3420,1
3421,0
3422,2
3423,0
3424,3
3425,1
3426,1
3427,3
3428,0
3429,1
3430,0
3431,0
3432,2
3433,0
3434,1
3435,1
3436,1
3437,1
3438,0
3439,1
3440,1
3441,2
3442,3
3443,1
3444,1
3445,0
3446,1
3447,2
3448,1
3449,3
3450,3
3451,1
3452,1
3453,1
3454,1
3455,2
3456,1
3457,0
3458,1
3459,1
3460,1
3461,0
3462,2
3463,1
3464,0
3465,0
3466,2
3467,3
3468,1
3469,1
3470,1
3471,1
3472,1
3473,0
3474,0
3475,1
3476,3
3477,1
3478,1
3479,1
3480,1
3481,1
3482,1
3483,1
3484,1
3485,2
3486,3
3487,1
3488,0
3489,1
3490,2
3491,1
3492,0
3493,0
3494,3
3495,1
3496,0
3497,1
3498,1
3499,2
3500,0
3501,1
3502,0
3503,3
3504,1
3505,0
3506,3
3507,1
3508,0
3509,3
3510,1
3511,1
3512,1
3513,0
3514,1
3515,2
3516,3
3517,1
3518,1
3519,0
3520,2
3521,2
3522,3
3523,1
3524,2
3525,1
3526,1
3527,2
3528,1
3529,1
3530,3
3531,2
3532,1
3533,1
3534,1
3535,1
3536,0
3537,3
3538,1
3539,1
3540,0
3541,2
3542,1
3543,0
3544,2
3545,0
3546,0
3547,0
3548,1
3549,1
3550,0
3551,1
3552,0
3553,1
3554,2
3555,1
3556,1
3557,1
3558,1
3559,3
3560,2
3561,1
3562,3
3563,1
3564,1
3565,0
3566,1
3567,1
3568,0
3569,1
3570,3
3571,0
3572,3
3573,1
3574,0
3575,1
3576,0
3577,1
3578,1
3579,1
3580,1
3581,1
3582,3
3583,1
3584,3
3585,0
3586,2
3587,0
3588,1
3589,1
3590,0
3591,1
3592,0
3593,2
3594,1
3595,1
3596,3
3597,1
3598,1
3599,2
3600,0
3601,3
3602,3
3603,1
3604,0
3605,2
3606,3
3607,2
3608,1
3609,2
3610,0
3611,1
3612,1
3613,1
3614,1
3615,3
3616,1
3617,0
3618,1
3619,1
3620,1
3621,1
3622,1
3623,1
3624,1
3625,1
3626,1
3627,1
3628,3
3629,0
3630,0
3631,1
3632,1
3633,0
3634,0
3635,0
3636,1
3637,1
3638,0
3639,3
3640,1
3641,1
3642,2
3643,1
3644,1
3645,1
3646,0
3647,1
3648,3
3649,0
3650,0
3651,0
3652,0
3653,1
3654,1
3655,1
3656,3
3657,3
3658,3
3659,1
3660,1
3661,1
3662,3
3663,3
3664,1
3665,3
3666,0
3667,1
3668,1
3669,1
3670,0
3671,0
3672,0
3673,1
3674,3
3675,1
3676,0
3677,2
3678,3
3679,0
3680,0
3681,1
3682,3
3683,0
3684,3
3685,3
3686,1
3687,1
3688,1
3689,0
3690,1
3691,2
3692,3
3693,1
3694,2
3695,2
3696,3
3697,0
3698,2
3699,3
3700,3
3701,0
3702,3
3703,1
3704,1
3705,1
3706,1
3707,1
3708,1
3709,2
3710,1
3711,2
3712,3
3713,1
3714,3
3715,1
3716,1
3717,0
3718,1
3719,1
3720,1
3721,3
3722,1
3723,0
3724,1
3725,2
3726,1
3727,1
3728,3
3729,0
3730,3
3731,1
3732,1
3733,0
3734,0
3735,2
3736,3
3737,1
3738,1
3739,3
3740,0
3741,0
3742,3
3743,0
3744,1
3745,2
3746,1
3747,1
3748,0
3749,1
3750,1
3751,1
3752,1
3753,1
3754,0
3755,1
3756,0
3757,2
3758,1
3759,1
3760,1
3761,3
3762,1
3763,2
3764,1
3765,0
3766,2
3767,1
3768,1
3769,2
3770,3
3771,3
3772,0
3773,1
3774,0
3775,1
3776,3
3777,1
3778,1
3779,3
3780,3
3781,1
3782,1
3783,3
3784,1
3785,1
3786,3
3787,1
3788,0
3789,3
3790,3
3791,0
3792,2
3793,2
3794,0
3795,1
3796,1
3797,0
3798,1
3799,0
3800,1
3801,0
3802,0
3803,0
3804,0
3805,2
3806,2
3807,1
3808,1
3809,1
3810,3
3811,1
3812,3
3813,2
3814,2
3815,1
3816,0
3817,1
3818,3
3819,3
3820,1
3821,1
3822,1
3823,0
3824,3
3825,1
3826,2
3827,1
3828,3
3829,1
3830,2
3831,0
3832,1
3833,0
3834,0
3835,1
3836,2
3837,3
3838,3
3839,1
3840,3
3841,2
3842,0
3843,1
3844,0
3845,1
3846,1
3847,1
3848,1
3849,1
3850,0
3851,1
3852,0
3853,1
3854,2
3855,1
3856,1
3857,3
3858,1
3859,3
3860,3
3861,1
3862,0
3863,0
3864,0
3865,1
3866,1
3867,0
3868,1
3869,1
3870,1
3871,1
3872,3
3873,3
3874,1
3875,1
3876,1
3877,0
3878,0
3879,2
3880,2
3881,0
3882,0
3883,3
3884,1
3885,0
3886,0
3887,2
3888,0
3889,0
3890,1
3891,1
3892,3
3893,1
3894,1
3895,3
3896,2
3897,1
3898,1
3899,0
3900,0
3901,1
3902,1
3903,3
3904,0
3905,1
3906,1
3907,2
3908,3
3909,0
3910,0
3911,1
3912,3
3913,1
3914,1
3915,1
3916,1
3917,0
3918,1
3919,1
3920,1
3921,1
3922,1
3923,1
3924,1
3925,1
3926,3
3927,3
3928,1
3929,1
3930,0
3931,3
3932,1
3933,1
3934,1
3935,1
3936,1
3937,1
3938,1
3939,1
3940,1
3941,1
3942,1
3943,0
3944,2
3945,1
3946,1
3947,1
3948,0
3949,1
3950,1
3951,0
3952,1
3953,0
3954,1
3955,1
3956,1
3957,1
3958,1
3959,1
3960,1
3961,3
3962,3
3963,1
3964,1
3965,3
3966,2
3967,3
3968,0
3969,0
3970,0
3971,1
3972,0
3973,1
3974,2
3975,1
3976,3
3977,0
3978,1
3979,1
3980,1
3981,0
3982,1
3983,3
3984,1
3985,1
3986,1
3987,0
3988,0
3989,1
3990,2
3991,1
3992,3
3993,1
3994,1
3995,0
3996,1
3997,1
3998,1
3999,1
4000,1
4001,1
4002,0
4003,1
4004,1
4005,1
4006,1
4007,1
4008,0
4009,2
4010,1
4011,1
4012,2
4013,1
4014,3
4015,1
4016,1
4017,1
4018,0
4019,3
4020,1
4021,0
4022,0
4023,1
4024,3
4025,0
4026,0
4027,0
4028,2
4029,0
4030,3
4031,1
4032,1
4033,1
4034,1
4035,1
4036,2
4037,0
4038,1
4039,0
4040,1
4041,1
4042,3
4043,1
4044,2
4045,0
4046,0
4047,1
4048,0
4049,0
4050,1
4051,1
4052,1
4053,0
4054,1
4055,0
4056,1
4057,3
4058,3
4059,1
4060,3
4061,2
4062,1
4063,1
4064,2
4065,0
4066,1
4067,1
4068,0
4069,0
4070,0
4071,1
4072,1
4073,1
4074,1
4075,2
4076,1
4077,1
4078,0
4079,3
4080,0
4081,2
4082,3
4083,0
4084,2
4085,1
4086,0
4087,2
4088,3
4089,1
4090,1
4091,1
4092,1
4093,0
4094,1
4095,1
4096,3
4097,3
4098,0
4099,1
4100,1
4101,1
4102,1
4103,1
4104,1
4105,1
4106,1
4107,1
4108,1
4109,1
4110,1
4111,1
4112,1
4113,0
4114,0
4115,1
4116,2
4117,2
4118,3
4119,3
4120,0
4121,1
4122,1
4123,0
4124,0
4125,2
4126,1
4127,0
4128,0
4129,1
4130,3
4131,1
4132,0
4133,2
4134,1
4135,1
4136,0
4137,3
4138,1
4139,1
4140,1
4141,1
4142,1
4143,1
4144,1
4145,1
4146,3
4147,0
4148,2
4149,3
4150,0
4151,3
4152,0
4153,2
4154,1
4155,2
4156,1
4157,1
4158,1
4159,1
4160,1
4161,1
4162,1
4163,1
4164,2
4165,3
4166,3
4167,1
4168,1
4169,0
4170,1
4171,3
4172,1
4173,1
4174,1
4175,0
4176,1
4177,1
4178,1
4179,1
4180,1
4181,2
4182,0
4183,0
4184,3
4185,1
4186,1
4187,3
4188,3
4189,3
4190,3
4191,2
4192,1
4193,1
4194,2
4195,0
4196,1
4197,3
4198,1
4199,1
4200,1
4201,3
4202,2
4203,2
4204,2
4205,0
4206,0
4207,0
4208,1
4209,3
4210,1
4211,1
4212,0
4213,2
4214,1
4215,0
4216,1
4217,1
4218,1
4219,1
4220,1
4221,1
4222,2
4223,1
4224,1
4225,1
4226,1
4227,1
4228,3
4229,1
4230,0
4231,3
4232,3
4233,1
4234,1
4235,1
4236,1
4237,0
4238,2
4239,1
4240,1
4241,2
4242,1
4243,2
4244,1
4245,1
4246,0
4247,2
4248,1
4249,2
4250,3
4251,0
4252,3
4253,1
4254,2
4255,0
4256,1
4257,0
4258,0
4259,0
4260,1
4261,0
4262,1
4263,1
4264,1
4265,1
4266,2
4267,1
4268,0
4269,1
4270,0
4271,2
4272,2
4273,0
4274,1
4275,0
4276,1
4277,1
4278,2
4279,1
4280,1
4281,3
4282,1
4283,1
4284,1
4285,1
4286,1
4287,2
4288,0
4289,1
4290,3
4291,1
4292,1
4293,1
4294,1
4295,0
4296,1
4297,1
4298,0
4299,0
4300,1
4301,3
4302,1
4303,0
4304,1
4305,0
4306,1
4307,1
4308,3
4309,0
4310,0
4311,3
4312,1
4313,2
4314,1
4315,0
4316,1
4317,0
4318,1
4319,1
4320,1
4321,0
4322,3
4323,0
4324,1
4325,1
4326,3
4327,3
4328,1
4329,1
4330,0
4331,3
4332,1
4333,1
4334,0
4335,1
4336,1
4337,0
4338,1
4339,0
4340,3
4341,0
4342,2
4343,2
4344,0
4345,1
4346,1
4347,1
4348,2
4349,1
4350,1
4351,1
4352,0
4353,0
4354,1
4355,1
4356,3
4357,0
4358,1
4359,0
4360,1
4361,2
4362,1
4363,1
4364,1
4365,0
4366,1
4367,1
4368,1
4369,1
4370,1
4371,1
4372,2
4373,1
4374,1
4375,1
4376,1
4377,2
4378,1
4379,1
4380,0
4381,1
4382,1
4383,1
4384,0
4385,1
4386,1
4387,0
4388,3
4389,1
4390,1
4391,0
4392,0
4393,1
4394,3
4395,3
4396,1
4397,1
4398,1
4399,0
4400,0
4401,3
4402,1
4403,1
4404,0
4405,2
4406,1
4407,1
4408,1
4409,0
4410,1
4411,1
4412,2
4413,3
4414,3
4415,1
4416,0
4417,1
4418,2
4419,1
4420,0
4421,1
4422,3
4423,1
4424,1
4425,1
4426,3
4427,0
4428,3
4429,3
4430,1
4431,0
4432,0
4433,0
4434,1
4435,1
4436,0
4437,1
4438,1
4439,2
4440,1
4441,1
4442,1
4443,1
4444,1
4445,0
4446,1
4447,1
4448,1
4449,1
4450,2
4451,1
4452,2
4453,1
4454,2
4455,1
4456,0
4457,1
4458,0
4459,2
4460,0
4461,1
4462,1
4463,2
4464,1
4465,0
4466,1
4467,2
4468,1
4469,1
4470,1
4471,2
4472,0
4473,1
4474,1
4475,0
4476,1
4477,1
4478,2
4479,2
4480,0
4481,1
4482,1
4483,1
4484,1
4485,1
4486,0
4487,3
4488,0
4489,3
4490,1
4491,0
4492,3
4493,2
4494,0
4495,0
4496,1
4497,2
4498,0
4499,1
4500,0
4501,0
4502,0
4503,1
4504,1
4505,2
4506,0
4507,0
4508,0
4509,1
4510,2
4511,1
4512,0
4513,1
4514,2
4515,3
4516,3
4517,0
4518,1
4519,1
4520,1
4521,2
4522,3
4523,1
4524,1
4525,1
4526,1
4527,1
4528,1
4529,0
4530,1
4531,2
4532,3
4533,1
4534,3
4535,1
4536,0
4537,1
4538,3
4539,1
4540,1
4541,0
4542,0
4543,1
4544,1
4545,0
4546,1
4547,1
4548,0
4549,1
4550,1
4551,1
4552,0
4553,0
4554,3
4555,0
4556,0
4557,1
4558,1
4559,1
4560,0
4561,0
4562,1
4563,1
4564,0
4565,0
4566,2
4567,3
4568,1
4569,2
4570,3
4571,0
4572,3
4573,1
4574,1
4575,1
4576,1
4577,1
4578,0
4579,3
4580,1
4581,3
4582,1
4583,0
4584,1
4585,2
4586,2
4587,1
4588,1
4589,1
4590,3
4591,2
4592,1
4593,0
4594,1
4595,1
4596,1
4597,3
4598,1
4599,0
4600,0
4601,1
4602,1
4603,0
4604,2
4605,1
4606,1
4607,0
4608,3
4609,1
4610,3
4611,1
4612,1
4613,2
4614,1
4615,0
4616,1
4617,0
4618,2
4619,2
4620,2
4621,0
4622,1
4623,1
4624,1
4625,2
4626,1
4627,1
4628,1
4629,1
4630,0
4631,2
4632,0
4633,1
4634,0
4635,3
4636,1
4637,2
4638,3
4639,1
4640,1
4641,0
4642,1
4643,1
4644,1
4645,3
4646,2
4647,0
4648,2
4649,0
4650,1
4651,1
4652,2
4653,3
4654,3
4655,1
4656,1
4657,0
4658,1
4659,1
4660,1
4661,1
4662,1
4663,1
4664,1
4665,0
4666,0
4667,1
4668,2
4669,0
4670,1
4671,1
4672,0
4673,0
4674,1
4675,1
4676,1
4677,1
4678,0
4679,1
4680,0
4681,1
4682,0
4683,1
4684,1
4685,1
4686,1
4687,1
4688,0
4689,2
4690,3
4691,2
4692,0
4693,0
4694,1
4695,3
4696,3
4697,0
4698,1
4699,1
4700,1
4701,3
4702,1
4703,1
4704,2
4705,1
4706,1
4707,0
4708,1
4709,3
4710,1
4711,1
4712,1
4713,0
4714,3
4715,0
4716,0
4717,1
4718,0
4719,0
4720,1
4721,0
4722,0
4723,0
4724,1
4725,1
4726,1
4727,1
4728,0
4729,0
4730,1
4731,2
4732,1
4733,2
4734,0
4735,1
4736,1
4737,2
4738,1
4739,0
4740,0
4741,1
4742,2
4743,1
4744,0
4745,1
4746,1
4747,0
4748,3
4749,0
4750,1
4751,0
4752,2
4753,0
4754,1
4755,0
4756,1
4757,1
4758,2
4759,1
4760,1
4761,2
4762,0
4763,1
4764,1
4765,1
4766,1
4767,1
4768,0
4769,2
4770,3
4771,3
4772,1
4773,0
4774,2
4775,1
4776,2
4777,1
4778,2
4779,0
4780,0
4781,2
4782,2
4783,0
4784,1
4785,3
4786,1
4787,2
4788,1
4789,1
4790,3
4791,0
4792,1
4793,2
4794,0
4795,1
4796,1
4797,3
4798,2
4799,1
4800,1
4801,1
4802,3
4803,0
4804,0
4805,0
4806,1
4807,1
4808,1
4809,1
4810,1
4811,1
4812,1
4813,0
4814,1
4815,3
4816,1
4817,1
4818,1
4819,1
4820,3
4821,1
4822,2
4823,1
4824,1
4825,1
4826,1
4827,0
4828,0
4829,3
4830,2
4831,1
4832,1
4833,0
4834,1
4835,2
4836,1
4837,1
4838,0
4839,0
4840,0
4841,1
4842,1
4843,1
4844,0
4845,3
4846,2
4847,0
4848,1
4849,2
4850,0
4851,3
4852,1
4853,0
4854,0
4855,2
4856,0
4857,3
4858,0
4859,0
4860,3
4861,0
4862,0
4863,1
4864,1
4865,3
4866,1
4867,0
4868,1
4869,3
4870,0
4871,1
4872,1
4873,2
4874,3
4875,3
4876,1
4877,1
4878,0
4879,0
4880,1
4881,1
4882,3
4883,1
4884,0
4885,1
4886,1
4887,1
4888,0
4889,3
4890,1
4891,1
4892,2
4893,1
4894,0
4895,1
4896,0
4897,1
4898,1
4899,1
4900,0
4901,1
4902,1
4903,1
4904,1
4905,1
4906,1
4907,2
4908,1
4909,1
4910,1
4911,0
4912,3
4913,1
4914,2
4915,1
4916,3
4917,2
4918,1
4919,2
4920,1
4921,0
4922,0
4923,0
4924,1
4925,2
4926,0
4927,1
4928,1
4929,1
4930,2
4931,1
4932,1
4933,3
4934,1
4935,1
4936,1
4937,1
4938,0
4939,1
4940,1
4941,3
4942,1
4943,1
4944,2
4945,1
4946,1
4947,1
4948,3
4949,1
4950,1
4951,3
4952,0
4953,1
4954,1
4955,3
4956,1
4957,1
4958,2
4959,1
4960,3
4961,1
4962,1
4963,3
4964,1
4965,0
4966,3
4967,1
4968,1
4969,1
4970,1
4971,2
4972,1
4973,3
4974,0
4975,2
4976,1
4977,1
4978,1
4979,2
4980,3
4981,1
4982,0
4983,1
4984,3
4985,1
4986,1
4987,0
4988,2
4989,1
4990,1
4991,1
4992,2
4993,1
4994,1
4995,1
4996,1
4997,1
4998,1
4999,1
5000,1
5001,1
5002,1
5003,1
5004,1
5005,2
5006,1
5007,2
5008,1
5009,1
5010,3
5011,1
5012,1
5013,0
5014,3
5015,1
5016,0
5017,3
5018,1
5019,3
5020,2
5021,1
5022,1
5023,0
5024,0
5025,0
5026,0
5027,2
5028,0
5029,3
5030,1
5031,0
5032,1
5033,1
5034,1
5035,1
5036,2
5037,0
5038,0
5039,1
5040,0
5041,0
5042,2
5043,0
5044,1
5045,1
5046,1
5047,1
5048,1
5049,1
5050,1
5051,1
5052,0
5053,3
5054,0
5055,1
5056,0
5057,1
5058,3
5059,1
5060,3
5061,2
5062,1
5063,0
5064,3
5065,1
5066,1
5067,0
5068,1
5069,0
5070,1
5071,0
5072,1
5073,0
5074,1
5075,1
5076,0
5077,0
5078,1
5079,1
5080,1
5081,1
5082,1
5083,0
5084,1
5085,1
5086,1
5087,1
5088,0
5089,3
5090,0
5091,3
5092,1
5093,2
5094,0
5095,2
5096,1
5097,1
5098,1
5099,1
5100,3
5101,1
5102,2
5103,3
5104,1
5105,0
5106,1
5107,2
5108,1
5109,0
5110,1
5111,0
5112,0
5113,0
5114,1
5115,1
5116,1
5117,1
5118,1
5119,0
5120,1
5121,1
5122,1
5123,0
5124,1
5125,1
5126,3
5127,1
5128,1
5129,1
5130,0
5131,0
5132,1
5133,1
5134,1
5135,1
5136,0
5137,2
5138,1
5139,3
5140,0
5141,2
5142,0
5143,1
5144,1
5145,1
5146,3
5147,1
5148,1
5149,0
5150,0
5151,2
5152,1
5153,0
5154,2
5155,3
5156,0
5157,1
5158,0
5159,1
5160,2
5161,0
5162,1
5163,2
5164,2
5165,2
5166,0
5167,1
5168,1
5169,1
5170,1
5171,2
5172,0
5173,1
5174,0
5175,1
5176,3
5177,2
5178,1
5179,3
5180,0
5181,1
5182,1
5183,1
5184,0
5185,1
5186,1
5187,1
5188,1
5189,1
5190,0
5191,1
5192,1
5193,0
5194,0
5195,1
5196,1
5197,2
5198,1
5199,2
5200,1
5201,0
5202,3
5203,1
5204,0
5205,2
5206,0
5207,3
5208,1
5209,0
5210,1
5211,3
5212,0
5213,1
5214,0
5215,1
5216,3
5217,1
5218,1
5219,3
5220,1
5221,2
5222,1
5223,1
5224,0
5225,0
5226,1
5227,1
5228,1
5229,1
5230,0
5231,1
5232,1
5233,1
5234,1
5235,0
5236,1
5237,1
5238,0
5239,1
5240,2
5241,1
5242,1
5243,0
5244,3
5245,1
5246,1
5247,3
5248,2
5249,1
5250,1
5251,3
5252,1
5253,1
5254,1
5255,1
5256,0
5257,0
5258,1
5259,1
5260,0
5261,0
5262,0
5263,0
5264,0
5265,0
5266,2
5267,0
5268,2
5269,1
5270,1
5271,1
5272,1
5273,1
5274,2
5275,3
5276,1
5277,3
5278,0
5279,0
5280,3
5281,0
5282,3
5283,3
5284,1
5285,2
5286,2
5287,1
5288,1
5289,1
5290,2
5291,0
5292,1
5293,0
5294,3
5295,2
5296,1
5297,0
5298,2
5299,1
5300,1
5301,3
5302,3
5303,2
5304,3
5305,1
5306,0
5307,1
5308,1
5309,2
5310,1
5311,1
5312,2
5313,3
5314,1
5315,1
5316,3
5317,0
5318,2
5319,3
5320,1
5321,2
5322,1
5323,1
5324,0
5325,3
5326,2
5327,0
5328,1
5329,0
5330,1
5331,2
5332,0
5333,1
5334,1
5335,1
5336,1
5337,0
5338,1
5339,1
5340,2
5341,1
5342,2
5343,2
5344,0
5345,1
5346,1
5347,1
5348,1
5349,0
5350,1
5351,2
5352,0
5353,3
5354,0
5355,1
5356,1
5357,1
5358,1
5359,1
5360,2
5361,0
5362,1
5363,1
5364,2
5365,3
5366,1
5367,0
5368,0
5369,3
5370,1
5371,1
5372,0
5373,1
5374,0
5375,1
5376,2
5377,1
5378,0
5379,0
5380,1
5381,0
5382,1
5383,3
5384,0
5385,1
5386,1
5387,1
5388,3
5389,2
5390,1
5391,3
5392,1
5393,0
5394,1
5395,1
5396,2
5397,1
5398,0
5399,2
5400,2
5401,0
5402,0
5403,3
5404,0
5405,1
5406,0
5407,0
5408,0
5409,0
5410,1
5411,3
5412,1
5413,1
5414,1
5415,1
5416,1
5417,0
5418,0
5419,0
5420,1
5421,1
5422,0
5423,2
5424,3
5425,0
5426,1
5427,0
5428,1
5429,0
5430,1
5431,1
5432,0
5433,0
5434,2
5435,1
5436,1
5437,1
5438,1
5439,1
5440,0
5441,1
5442,1
5443,1
5444,0
5445,1
5446,1
5447,1
5448,0
5449,1
5450,2
5451,1
5452,2
5453,1
5454,1
5455,0
5456,1
5457,1
5458,1
5459,1
5460,2
5461,1
5462,0
5463,1
5464,1
5465,1
5466,1
5467,1
5468,2
5469,2
5470,1
5471,1
5472,2
5473,1
5474,3
5475,1
5476,2
5477,0
5478,0
5479,1
5480,1
5481,1
5482,1
5483,0
5484,1
5485,1
5486,0
5487,1
5488,1
5489,0
5490,2
5491,1
5492,3
5493,0
5494,3
5495,1
5496,0
5497,0
5498,1
5499,1
5500,1
5501,2
5502,0
5503,0
5504,0
5505,3
5506,1
5507,2
5508,3
5509,1
5510,3
5511,1
5512,2
5513,3
5514,1
5515,2
5516,1
5517,1
5518,1
5519,1
5520,3
5521,3
5522,0
5523,1
5524,2
5525,3
5526,1
5527,0
5528,1
5529,0
5530,0
5531,1
5532,1
5533,0
5534,0
5535,3
5536,1
5537,2
5538,1
5539,1
5540,0
5541,0
5542,1
5543,0
5544,0
5545,1
5546,0
5547,1
5548,1
5549,1
5550,0
5551,2
5552,1
5553,1
5554,1
5555,1
5556,2
5557,0
5558,1
5559,0
5560,3
5561,1
5562,0
5563,1
5564,3
5565,1
5566,1
5567,1
5568,2
5569,1
5570,3
5571,3
5572,1
5573,1
5574,3
5575,2
5576,2
5577,3
5578,1
5579,2
5580,1
5581,1
5582,1
5583,0
5584,0
5585,0
5586,0
5587,1
5588,1
5589,0
5590,1
5591,1
5592,1
5593,2
5594,3
5595,1
5596,1
5597,1
5598,1
5599,3
5600,2
5601,0
5602,1
5603,2
5604,3
5605,1
5606,1
5607,0
5608,1
5609,1
5610,0
5611,3
5612,0
5613,0
5614,1
5615,3
5616,1
5617,1
5618,3
5619,3
5620,0
5621,1
5622,1
5623,1
5624,1
5625,2
5626,1
5627,1
5628,0
5629,0
5630,1
5631,1
5632,3
5633,1
5634,1
5635,0
5636,1
5637,1
5638,3
5639,3
5640,0
5641,2
5642,0
5643,1
5644,1
5645,1
5646,3
5647,3
5648,1
5649,0
5650,2
5651,3
5652,2
5653,2
5654,0
5655,1
5656,1
5657,1
5658,1
5659,1
5660,1
5661,1
5662,0
5663,3
5664,3
5665,3
5666,0
5667,1
5668,3
5669,1
5670,0
5671,2
5672,1
5673,2
5674,0
5675,1
5676,0
5677,3
5678,1
5679,0
5680,1
5681,1
5682,3
5683,3
5684,1
5685,1
5686,0
5687,1
5688,0
5689,1
5690,0
5691,3
5692,0
5693,1
5694,1
5695,2
5696,1
5697,1
5698,0
5699,2
5700,1
5701,2
5702,1
5703,1
5704,2
5705,0
5706,1
5707,3
5708,1
5709,1
5710,0
5711,0
5712,1
5713,0
5714,1
5715,0
5716,1
5717,1
5718,3
5719,2
5720,3
5721,1
5722,1
5723,1
5724,1
5725,1
5726,1
5727,1
5728,1
5729,1
5730,1
5731,1
5732,1
5733,1
5734,1
5735,1
5736,1
5737,0
5738,0
5739,1
5740,1
5741,1
5742,1
5743,0
5744,0
5745,1
5746,0
5747,0
5748,1
5749,1
5750,2
5751,1
5752,0
5753,1
5754,0
5755,2
5756,2
5757,1
5758,2
5759,1
5760,1
5761,0
5762,2
5763,1
5764,1
5765,0
5766,2
5767,1
5768,1
5769,0
5770,1
5771,1
5772,1
5773,1
5774,0
5775,1
5776,2
5777,1
5778,2
5779,3
5780,1
5781,1
5782,1
5783,1
5784,1
5785,1
5786,1
5787,3
5788,1
5789,0
5790,1
5791,2
5792,1
5793,0
5794,1
5795,1
5796,0
5797,0
5798,2
5799,2
5800,0
5801,3
5802,0
5803,1
5804,1
5805,1
5806,1
5807,1
5808,0
5809,1
5810,1
5811,0
5812,1
5813,1
5814,1
5815,1
5816,1
5817,2
5818,1
5819,3
5820,1
5821,2
5822,1
5823,1
5824,1
5825,1
5826,0
5827,1
5828,0
5829,1
5830,0
5831,1
5832,1
5833,1
5834,1
5835,0
5836,0
5837,0
5838,1
5839,0
5840,2
5841,1
5842,1
5843,1
5844,0
5845,0
5846,1
5847,1
5848,0
5849,0
5850,1
5851,1
5852,0
5853,1
5854,3
5855,0
5856,2
5857,1
5858,2
5859,3
5860,0
5861,2
5862,0
5863,2
5864,0
5865,0
5866,0
5867,3
5868,3
5869,1
5870,0
5871,3
5872,1
5873,0
5874,1
5875,3
5876,0
5877,1
5878,0
5879,1
5880,0
5881,0
5882,1
5883,1
5884,1
5885,3
5886,1
5887,3
5888,3
5889,0
5890,1
5891,1
5892,3
5893,0
5894,0
5895,2
5896,1
5897,1
5898,1
5899,1
5900,3
5901,1
5902,3
5903,2
5904,2
5905,1
5906,3
5907,2
5908,2
5909,2
5910,2
5911,1
5912,1
5913,1
5914,1
5915,1
5916,2
5917,1
5918,0
5919,0
5920,1
5921,1
5922,1
5923,2
5924,1
5925,1
5926,1
5927,0
5928,1
5929,0
5930,3
5931,1
5932,0
5933,0
5934,3
5935,0
5936,0
5937,0
5938,1
5939,1
5940,1
5941,2
5942,0
5943,1
5944,1
5945,0
5946,0
5947,1
5948,1
5949,2
5950,0
5951,1
5952,0
5953,1
5954,2
5955,0
5956,0
5957,1
5958,3
5959,2
5960,3
5961,1
5962,0
5963,1
5964,0
5965,3
5966,1
5967,3
5968,0
5969,2
5970,1
5971,1
5972,1
5973,0
5974,1
5975,1
5976,1
5977,1
5978,1
5979,3
5980,1
5981,3
5982,1
5983,2
5984,3
5985,1
5986,1
5987,1
5988,2
5989,1
5990,1
5991,1
5992,2
5993,1
5994,1
5995,0
5996,1
5997,0
5998,2
5999,1
6000,1
6001,1
6002,3
6003,1
6004,1
6005,2
6006,1
6007,3
6008,1
6009,2
6010,2
6011,2
6012,1
6013,0
6014,1
6015,1
6016,3
6017,3
6018,3
6019,1
6020,0
6021,2
6022,1
6023,1
6024,1
6025,3
6026,0
6027,0
6028,1
6029,0
6030,1
6031,1
6032,0
6033,3
6034,1
6035,0
6036,0
6037,0
6038,1
6039,1
6040,2
6041,0
6042,3
6043,1
6044,1
6045,1
6046,3
6047,1
6048,1
6049,0
6050,3
6051,2
6052,1
6053,0
6054,1
6055,1
6056,1
6057,1
6058,1
6059,1
6060,2
6061,1
6062,1
6063,1
6064,3
6065,1
6066,1
6067,2
6068,1
6069,1
6070,1
6071,1
6072,1
6073,1
6074,1
6075,1
6076,0
6077,1
6078,1
6079,1
6080,1
6081,1
6082,1
6083,0
6084,0
6085,1
6086,1
6087,0
6088,1
6089,0
6090,0
6091,0
6092,1
6093,0
6094,1
6095,0
6096,0
6097,0
6098,3
6099,1
6100,1
6101,1
6102,3
6103,2
6104,2
6105,2
6106,1
6107,1
6108,1
6109,0
6110,1
6111,3
6112,1
6113,3
6114,3
6115,2
6116,0
6117,3
6118,2
6119,1
6120,0
6121,1
6122,1
6123,3
6124,1
6125,3
6126,0
6127,3
6128,1
6129,1
6130,0
6131,0
6132,0
6133,1
6134,1
6135,1
6136,0
6137,1
6138,3
6139,1
6140,1
6141,2
6142,1
6143,2
6144,1
6145,1
6146,1
6147,0
6148,1
6149,3
6150,0
6151,0
6152,0
6153,0
6154,1
6155,2
6156,1
6157,2
6158,1
6159,2
6160,1
6161,0
6162,0
6163,0
6164,1
6165,1
6166,1
6167,3
6168,0
6169,1
6170,1
6171,0
6172,2
6173,1
6174,0
6175,1
6176,0
6177,1
6178,1
6179,0
6180,1
6181,0
6182,1
6183,3
6184,1
6185,0
6186,0
6187,1
6188,1
6189,1
6190,1
6191,0
6192,3
6193,1
6194,1
6195,2
6196,2
6197,1
6198,0
6199,1
6200,1
6201,3
6202,3
6203,3
6204,1
6205,1
6206,1
6207,2
6208,0
6209,1
6210,1
6211,0
6212,1
6213,2
6214,1
6215,1
6216,2
6217,0
6218,1
6219,1
6220,2
6221,1
6222,3
6223,1
6224,1
6225,1
6226,1
6227,0
6228,1
6229,1
6230,0
6231,2
6232,3
6233,1
6234,2
6235,1
6236,0
6237,0
6238,0
6239,2
6240,0
6241,3
6242,1
6243,1
6244,1
6245,2
6246,1
6247,1
6248,3
6249,1
6250,0
6251,1
6252,1
6253,2
6254,0
6255,3
6256,2
6257,1
6258,1
6259,3
6260,3
6261,3
6262,3
6263,0
6264,0
6265,1
6266,3
6267,1
6268,3
6269,1
6270,0
6271,1
6272,1
6273,0
6274,1
6275,2
6276,0
6277,1
6278,1
6279,0
6280,0
6281,1
6282,0
6283,3
6284,1
6285,1
6286,3
6287,2
6288,0
6289,1
6290,2
6291,0
6292,3
6293,1
6294,1
6295,1
6296,3
6297,0
6298,3
6299,0
6300,2
6301,1
6302,1
6303,1
6304,2
6305,1
6306,0
6307,0
6308,0
6309,1
6310,0
6311,3
6312,0
6313,0
6314,0
6315,2
6316,3
6317,0
6318,2
6319,1
6320,1
6321,1
6322,1
6323,0
6324,1
6325,0
6326,1
6327,1
6328,1
6329,1
6330,1
6331,3
6332,2
6333,3
6334,1
6335,1
6336,3
6337,2
6338,2
6339,1
6340,1
6341,1
6342,1
6343,1
6344,1
6345,1
6346,0
6347,1
6348,1
6349,1
6350,0
6351,1
6352,1
6353,1
6354,0
6355,2
6356,1
6357,3
6358,1
6359,0
6360,0
6361,1
6362,3
6363,1
6364,0
6365,0
6366,1
6367,1
6368,0
6369,1
6370,2
6371,1
6372,3
6373,3
6374,0
6375,1
6376,1
6377,0
6378,3
6379,1
6380,1
6381,1
6382,1
6383,1
6384,0
6385,1
6386,0
6387,0
6388,1
6389,0
6390,0
6391,1
6392,1
6393,2
6394,1
6395,3
6396,0
6397,2
6398,1
6399,0
6400,1
6401,1
6402,3
6403,1
6404,1
6405,0
6406,1
6407,1
6408,0
6409,1
6410,3
6411,0
6412,1
6413,1
6414,2
6415,2
6416,0
6417,1
6418,1
6419,1
6420,0
6421,3
6422,1
6423,1
6424,1
6425,2
6426,1
6427,2
6428,3
6429,1
6430,1
6431,1
6432,2
6433,1
6434,2
6435,1
6436,1
6437,0
6438,0
6439,1
6440,2
6441,1
6442,1
6443,1
6444,0
6445,1
6446,1
6447,0
6448,0
6449,2
6450,1
6451,1
6452,0
6453,0
6454,3
6455,1
6456,1
6457,2
6458,1
6459,0
6460,3
6461,1
6462,1
6463,1
6464,0
6465,2
6466,1
6467,3
6468,1
6469,2
6470,1
6471,1
6472,1
6473,1
6474,0
6475,2
6476,1
6477,1
6478,1
6479,1
6480,1
6481,0
6482,0
6483,0
6484,0
6485,1
6486,3
6487,0
6488,1
6489,1
6490,1
6491,1
6492,1
6493,2
6494,1
6495,2
6496,1
6497,1
6498,0
6499,1
6500,0
6501,1
6502,1
6503,1
6504,0
6505,0
6506,3
6507,1
6508,2
6509,1
6510,1
6511,1
6512,0
6513,0
6514,1
6515,3
6516,1
6517,1
6518,0
6519,1
6520,1
6521,1
6522,1
6523,0
6524,1
6525,2
6526,0
6527,1
6528,0
6529,2
6530,1
6531,0
6532,2
6533,1
6534,2
6535,1
6536,1
6537,2
6538,2
6539,0
6540,1
6541,3
6542,0
6543,0
6544,1
6545,1
6546,0
6547,0
6548,3
6549,0
6550,2
6551,0
6552,1
6553,1
6554,0
6555,0
6556,0
6557,0
6558,1
6559,2
6560,1
6561,1
6562,3
6563,0
6564,3
6565,2
6566,1
6567,1
6568,3
6569,1
6570,1
6571,0
6572,0
6573,1
6574,1
6575,0
6576,1
6577,1
6578,0
6579,3
6580,1
6581,3
6582,1
6583,1
6584,0
6585,1
6586,1
6587,3
6588,1
6589,0
6590,0
6591,3
6592,1
6593,3
6594,1
6595,0
6596,0
6597,2
6598,2
6599,1
6600,1
6601,1
6602,0
6603,2
6604,1
6605,3
6606,2
6607,1
6608,0
6609,2
6610,1
6611,0
6612,0
6613,1
6614,1
6615,1
6616,1
6617,0
6618,3
6619,1
6620,3
6621,1
6622,1
6623,1
6624,2
6625,0
6626,2
6627,1
6628,1
6629,0
6630,0
6631,0
6632,1
6633,1
6634,1
6635,1
6636,2
6637,0
6638,2
6639,3
6640,2
6641,3
6642,0
6643,0
6644,3
6645,1
6646,2
6647,1
6648,2
6649,1
6650,0
6651,1
6652,0
6653,3
6654,1
6655,1
6656,1
6657,1
6658,2
6659,0
6660,2
6661,1
6662,2
6663,0
6664,1
6665,1
6666,1
6667,2
6668,1
6669,0
6670,3
6671,1
6672,1
6673,1
6674,1
6675,1
6676,0
6677,1
6678,1
6679,3
6680,1
6681,3
6682,3
6683,1
6684,0
6685,1
6686,0
6687,1
6688,1
6689,3
6690,0
6691,1
6692,1
6693,0
6694,1
6695,1
6696,1
6697,1
6698,0
6699,0
6700,0
6701,0
6702,0
6703,1
6704,1
6705,3
6706,0
6707,1
6708,3
6709,1
6710,3
6711,0
6712,0
6713,1
6714,1
6715,1
6716,0
6717,0
6718,1
6719,1
6720,0
6721,1
6722,0
6723,1
6724,1
6725,1
6726,0
6727,1
6728,2
6729,3
6730,0
6731,1
6732,3
6733,2
6734,0
6735,1
6736,0
6737,0
6738,1
6739,0
6740,1
6741,3
6742,2
6743,3
6744,0
6745,0
6746,0
6747,1
6748,2
6749,1
6750,0
6751,1
6752,3
6753,1
6754,1
6755,1
6756,2
6757,2
6758,0
6759,1
6760,1
6761,1
6762,2
6763,0
6764,3
6765,1
6766,1
6767,0
6768,3
6769,1
6770,0
6771,1
6772,1
6773,0
6774,1
6775,3
6776,1
6777,1
6778,2
6779,2
6780,0
6781,2
6782,1
6783,1
6784,1
6785,1
6786,1
6787,0
6788,0
6789,3
6790,0
6791,1
6792,2
6793,2
6794,1
6795,1
6796,1
6797,2
6798,2
6799,0
6800,1
6801,1
6802,1
6803,1
6804,0
6805,0
6806,2
6807,1
6808,1
6809,1
6810,3
6811,3
6812,2
6813,1
6814,1
6815,2
6816,0
6817,3
6818,0
6819,1
6820,2
6821,0
6822,0
6823,0
6824,0
6825,0
6826,0
6827,2
6828,1
6829,2
6830,0
6831,1
6832,2
6833,3
6834,1
6835,1
6836,0
6837,1
6838,1
6839,1
6840,1
6841,2
6842,1
6843,1
6844,1
6845,1
6846,1
6847,3
6848,0
6849,1
6850,0
6851,1
6852,1
6853,1
6854,1
6855,1
6856,2
6857,1
6858,2
6859,0
6860,0
6861,3
6862,0
6863,1
6864,1
6865,0
6866,3
6867,1
6868,1
6869,1
6870,1
6871,0
6872,1
6873,0
6874,1
6875,1
6876,0
6877,1
6878,0
6879,0
6880,2
6881,2
6882,1
6883,1
6884,1
6885,0
6886,0
6887,0
6888,0
6889,1
6890,2
6891,0
6892,0
6893,1
6894,1
6895,1
6896,1
6897,1
6898,0
6899,2
6900,0
6901,1
6902,2
6903,1
6904,0
6905,0
6906,2
6907,0
6908,0
6909,3
6910,0
6911,1
6912,1
6913,0
6914,0
6915,3
6916,1
6917,1
6918,1
6919,1
6920,1
6921,1
6922,1
6923,2
6924,1
6925,1
6926,3
6927,3
6928,1
6929,3
6930,3
6931,0
6932,1
6933,0
6934,1
6935,1
6936,2
6937,0
6938,2
6939,3
6940,1
6941,1
6942,1
6943,1
6944,1
6945,1
6946,1
6947,1
6948,3
6949,0
6950,1
6951,3
6952,2
6953,1
6954,1
6955,0
6956,1
6957,1
6958,2
6959,0
6960,1
6961,1
6962,0
6963,1
6964,0
6965,1
6966,3
6967,1
6968,1
6969,1
6970,0
6971,0
6972,1
6973,1
6974,1
6975,1
6976,1
6977,1
6978,0
6979,1
6980,1
6981,0
6982,2
6983,1
6984,2
6985,1
6986,1
6987,0
6988,1
6989,2
6990,1
6991,1
6992,3
6993,1
6994,1
6995,0
6996,0
6997,1
6998,1
6999,1
7000,2
7001,1
7002,2
7003,3
7004,0
7005,2
7006,1
7007,1
7008,1
7009,3
7010,3
7011,1
7012,3
7013,0
7014,1
7015,1
7016,1
7017,2
7018,1
7019,2
7020,3
7021,1
7022,0
7023,1
7024,1
7025,0
7026,1
7027,1
7028,3
7029,3
7030,0
7031,1
7032,1
7033,1
7034,0
7035,2
7036,3
7037,1
7038,0
7039,1
7040,1
7041,1
7042,2
7043,1
7044,1
7045,0
7046,2
7047,2
7048,2
7049,1
7050,1
7051,0
7052,1
7053,3
7054,2
7055,0
7056,1
7057,1
7058,2
7059,1
7060,2
7061,2
7062,1
7063,1
7064,1
7065,1
7066,1
7067,0
7068,0
7069,0
7070,1
7071,3
7072,2
7073,0
7074,0
7075,1
7076,0
7077,1
7078,0
7079,2
7080,1
7081,1
7082,1
7083,1
7084,1
7085,3
7086,1
7087,3
7088,0
7089,0
7090,2
7091,1
7092,1
7093,1
7094,3
7095,3
7096,3
7097,1
7098,3
7099,1
7100,2
7101,0
7102,1
7103,3
7104,1
7105,0
7106,1
7107,1
7108,0
7109,1
7110,3
7111,1
7112,0
7113,2
7114,0
7115,3
7116,2
7117,1
7118,1
7119,1
7120,1
7121,2
7122,1
7123,1
7124,0
7125,2
7126,3
7127,1
7128,1
7129,0
7130,1
7131,0
7132,1
7133,3
7134,3
7135,2
7136,2
7137,3
7138,0
7139,1
7140,1
7141,2
7142,1
7143,1
7144,1
7145,1
7146,1
7147,1
7148,0
7149,2
7150,2
7151,3
7152,0
7153,1
7154,1
7155,3
7156,1
7157,1
7158,0
7159,1
7160,1
7161,1
7162,3
7163,1
7164,0
7165,1
7166,1
7167,2
7168,1
7169,3
7170,2
7171,1
7172,0
7173,0
7174,3
7175,1
7176,1
7177,0
7178,0
7179,3
7180,1
7181,1
7182,1
7183,2
7184,1
7185,0
7186,3
7187,1
7188,3
7189,2
7190,1
7191,1
7192,3
7193,1
7194,1
7195,1
7196,0
7197,3
7198,2
7199,2
7200,1
7201,0
7202,1
7203,2
7204,1
7205,1
7206,0
7207,1
7208,0
7209,1
7210,1
7211,1
7212,1
7213,1
7214,1
7215,1
7216,2
7217,0
7218,1
7219,1
7220,1
7221,0
7222,1
7223,1
7224,1
7225,1
7226,2
7227,1
7228,1
7229,2
7230,0
7231,1
7232,2
7233,2
7234,1
7235,1
7236,1
7237,1
7238,1
7239,1
7240,1
7241,0
7242,1
7243,1
7244,0
7245,1
7246,1
7247,0
7248,1
7249,1
7250,1
7251,1
7252,0
7253,3
7254,0
7255,1
7256,2
7257,1
7258,1
7259,1
7260,0
7261,1
7262,1
7263,0
7264,2
7265,3
7266,1
7267,3
7268,1
7269,1
7270,1
7271,1
7272,0
7273,1
7274,1
7275,2
7276,1
7277,3
7278,1
7279,0
7280,1
7281,2
7282,0
7283,0
7284,3
7285,0
7286,1
7287,3
7288,3
7289,1
7290,0
7291,1
7292,1
7293,3
7294,1
7295,0
7296,0
7297,2
7298,3
7299,0
7300,3
7301,3
7302,1
7303,2
7304,1
7305,1
7306,1
7307,0
7308,1
7309,0
7310,0
7311,3
7312,1
7313,0
7314,1
7315,3
7316,2
7317,3
7318,1
7319,0
7320,1
7321,2
7322,1
7323,1
7324,1
7325,1
7326,1
7327,2
7328,2
7329,1
7330,1
7331,1
7332,2
7333,1
7334,0
7335,1
7336,2
7337,1
7338,3
7339,0
7340,1
7341,1
7342,1
7343,1
7344,1
7345,0
7346,2
7347,1
7348,1
7349,2
7350,0
7351,0
7352,1
7353,1
7354,0
7355,3
7356,1
7357,1
7358,2
7359,1
7360,3
7361,2
7362,0
7363,1
7364,1
7365,3
7366,2
7367,0
7368,1
7369,1
7370,0
7371,2
7372,1
7373,0
7374,2
7375,3
7376,3
7377,2
7378,0
7379,0
7380,0
7381,3
7382,1
7383,1
7384,1
7385,1
7386,0
7387,1
7388,0
7389,1
7390,3
7391,1
7392,2
7393,1
7394,0
7395,3
7396,1
7397,1
7398,0
7399,1
7400,1
7401,0
7402,3
7403,0
7404,0
7405,2
7406,0
7407,1
7408,1
7409,2
7410,3
7411,3
7412,1
7413,0
7414,0
7415,1
7416,0
7417,1
7418,2
7419,1
7420,2
7421,0
7422,2
7423,1
7424,0
7425,1
7426,2
7427,1
7428,1
7429,1
7430,0
7431,2
7432,2
7433,0
7434,1
7435,2
7436,1
7437,1
7438,1
7439,3
7440,1
7441,0
7442,3
7443,1
7444,3
7445,1
7446,1
7447,0
7448,0
7449,0
7450,2
7451,3
7452,1
7453,1
7454,3
7455,1
7456,1
7457,3
7458,1
7459,1
7460,1
7461,1
7462,1
7463,1
7464,1
7465,1
7466,0
7467,0
7468,1
7469,0
7470,3
7471,1
7472,1
7473,1
7474,0
7475,1
7476,1
7477,2
7478,0
7479,1
7480,1
7481,1
7482,0
7483,0
7484,0
7485,1
7486,1
7487,2
7488,2
7489,1
7490,1
7491,0
7492,3
7493,1
7494,0
7495,1
7496,3
7497,3
7498,1
7499,3
7500,1
7501,1
7502,0
7503,1
7504,1
7505,0
7506,1
7507,3
7508,1
7509,3
7510,2
7511,0
7512,0
7513,1
7514,1
7515,0
7516,0
7517,3
7518,3
7519,0
7520,2
7521,0
7522,1
7523,1
7524,1
7525,1
7526,1
7527,2
7528,1
7529,2
7530,1
7531,1
7532,3
7533,3
7534,0
7535,3
7536,1
7537,1
7538,1
7539,2
7540,0
7541,3
7542,2
7543,1
7544,3
7545,3
7546,2
7547,1
7548,0
7549,1
7550,0
7551,3
7552,2
7553,2
7554,1
7555,2
7556,0
7557,0
7558,0
7559,1
7560,0
7561,0
7562,2
7563,0
7564,0
7565,1
7566,0
7567,0
7568,3
7569,1
7570,0
7571,1
7572,1
7573,1
7574,0
7575,1
7576,1
7577,1
7578,0
7579,1
7580,0
7581,0
7582,2
7583,1
7584,1
7585,1
7586,1
7587,2
7588,0
7589,0
7590,1
7591,1
7592,1
7593,1
7594,0
7595,0
7596,1
7597,1
7598,1
7599,3
7600,1
7601,0
7602,1
7603,0
7604,2
7605,2
7606,1
7607,1
7608,3
7609,0
7610,0
7611,1
7612,1
7613,1
7614,0
7615,1
7616,2
7617,3
7618,0
7619,1
7620,3
7621,3
7622,0
7623,1
7624,1
7625,2
7626,2
7627,1
7628,2
7629,3
7630,1
7631,1
7632,3
7633,3
7634,0
7635,3
7636,0
7637,2
7638,0
7639,2
7640,1
7641,0
7642,1
7643,1
7644,0
7645,1
7646,3
7647,1
7648,1
7649,2
7650,0
7651,1
7652,1
7653,1
7654,0
7655,0
7656,1
7657,1
7658,1
7659,1
7660,3
7661,1
7662,1
7663,1
7664,0
7665,0
7666,1
7667,1
7668,1
7669,0
7670,1
7671,3
7672,1
7673,0
7674,0
7675,1
7676,0
7677,1
7678,1
7679,0
7680,1
7681,1
7682,0
7683,2
7684,0
7685,1
7686,3
7687,1
7688,0
7689,2
7690,1
7691,2
7692,1
7693,0
7694,1
7695,1
7696,2
7697,1
7698,1
7699,1
7700,3
7701,1
7702,1
7703,1
7704,1
7705,1
7706,1
7707,2
7708,1
7709,1
7710,2
7711,1
7712,1
7713,1
7714,1
7715,0
7716,1
7717,0
7718,1
7719,1
7720,1
7721,1
7722,0
7723,1
7724,1
7725,1
7726,0
7727,3
7728,1
7729,2
7730,1
7731,1
7732,3
7733,1
7734,2
7735,0
7736,0
7737,1
7738,1
7739,1
7740,3
7741,3
7742,1
7743,0
7744,1
7745,1
7746,1
7747,0
7748,1
7749,3
7750,0
7751,3
7752,2
7753,0
7754,0
7755,3
7756,1
7757,1
7758,1
7759,0
7760,1
7761,2
7762,1
7763,1
7764,1
7765,3
7766,1
7767,1
7768,2
7769,1
7770,3
7771,2
7772,2
7773,1
7774,1
7775,1
7776,1
7777,1
7778,3
7779,0
7780,0
7781,1
7782,2
7783,0
7784,3
7785,1
7786,0
7787,2
7788,1
7789,1
7790,1
7791,1
7792,0
7793,1
7794,1
7795,1
7796,1
7797,2
7798,0
7799,1
7800,3
7801,0
7802,1
7803,3
7804,0
7805,1
7806,2
7807,0
7808,1
7809,1
7810,0
7811,1
7812,3
7813,1
7814,0
7815,1
7816,1
7817,1
7818,1
7819,0
7820,1
7821,1
7822,3
7823,3
7824,1
7825,1
7826,1
7827,3
7828,0
7829,0
7830,1
7831,1
7832,1
7833,1
7834,3
7835,2
7836,1
7837,1
7838,1
7839,1
7840,1
7841,0
7842,1
7843,1
7844,0
7845,2
7846,0
7847,0
7848,1
7849,1
7850,1
7851,1
7852,3
7853,1
7854,1
7855,1
7856,3
7857,1
7858,1
7859,2
7860,0
7861,1
7862,0
7863,1
7864,0
7865,2
7866,0
7867,2
7868,1
7869,1
7870,0
7871,3
7872,1
7873,3
7874,1
7875,1
7876,1
7877,1
7878,0
7879,1
7880,2
7881,0
7882,1
7883,1
7884,1
7885,3
7886,1
7887,1
7888,0
7889,0
7890,1
7891,0
7892,1
7893,1
7894,1
7895,1
7896,1
7897,0
7898,3
7899,1
7900,3
7901,1
7902,1
7903,1
7904,1
7905,1
7906,1
7907,2
7908,2
7909,1
7910,1
7911,1
7912,0
7913,2
7914,1
7915,0
7916,1
7917,1
7918,0
7919,1
7920,1
7921,0
7922,1
7923,0
7924,1
7925,3
7926,1
7927,0
7928,2
7929,1
7930,1
7931,0
7932,0
7933,3
7934,1
7935,0
7936,0
7937,1
7938,2
7939,0
7940,0
7941,3
7942,1
7943,1
7944,1
7945,0
7946,0
7947,3
7948,1
7949,3
7950,1
7951,1
7952,0
7953,2
7954,3
7955,1
7956,1
7957,0
7958,1
7959,0
7960,1
7961,1
7962,2
7963,1
7964,1
7965,3
7966,3
7967,1
7968,1
7969,0
7970,1
7971,1
7972,1
7973,0
7974,1
7975,2
7976,1
7977,1
7978,1
7979,2
7980,3
7981,1
7982,3
7983,1
7984,1
7985,2
7986,1
7987,1
7988,0
7989,2
7990,1
7991,3
7992,1
7993,1
7994,0
7995,1
7996,1
7997,1
7998,2
7999,1
8000,3
8001,1
8002,1
8003,0
8004,1
8005,0
8006,1
8007,2
8008,1
8009,1
8010,1
8011,3
8012,1
8013,3
8014,0
8015,1
8016,0
8017,1
8018,1
8019,0
8020,1
8021,0
8022,0
8023,1
8024,1
8025,0
8026,0
8027,1
8028,0
8029,1
8030,0
8031,1
8032,1
8033,1
8034,3
8035,2
8036,1
8037,1
8038,1
8039,2
8040,2
8041,3
8042,1
8043,1
8044,0
8045,0
8046,1
8047,1
8048,1
8049,1
8050,0
8051,0
8052,0
8053,1
8054,0
8055,3
8056,0
8057,1
8058,2
8059,1
8060,1
8061,1
8062,1
8063,3
8064,0
8065,1
8066,2
8067,2
8068,2
8069,1
8070,3
8071,1
8072,0
8073,1
8074,3
8075,1
8076,2
8077,0
8078,0
8079,1
8080,3
8081,0
8082,0
8083,3
8084,2
8085,1
8086,0
8087,1
8088,0
8089,3
8090,0
8091,0
8092,2
8093,1
8094,1
8095,1
8096,1
8097,0
8098,0
8099,0
8100,1
8101,1
8102,1
8103,3
8104,2
8105,3
8106,2
8107,2
8108,0
8109,1
8110,2
8111,0
8112,1
8113,1
8114,1
8115,2
8116,3
8117,1
8118,0
8119,1
8120,1
8121,1
8122,3
8123,3
8124,1
8125,3
8126,1
8127,1
8128,0
8129,1
8130,1
8131,2
8132,1
8133,0
8134,1
8135,1
8136,3
8137,0
8138,1
8139,3
8140,1
8141,0
8142,2
8143,1
8144,0
8145,1
8146,0
8147,1
8148,1
8149,0
8150,1
8151,0
8152,1
8153,2
8154,1
8155,1
8156,3
8157,2
8158,3
8159,1
8160,0
8161,0
8162,0
8163,3
8164,2
8165,0
8166,3
8167,1
8168,1
8169,3
8170,2
8171,1
8172,1
8173,1
8174,3
8175,3
8176,1
8177,2
8178,0
8179,2
8180,1
8181,3
8182,3
8183,1
8184,0
8185,3
8186,0
8187,1
8188,0
8189,1
8190,1
8191,1
8192,1
8193,1
8194,1
8195,0
8196,2
8197,1
8198,1
8199,1
8200,3
8201,1
8202,1
8203,1
8204,2
8205,0
8206,1
8207,0
8208,3
8209,0
8210,2
8211,0
8212,2
8213,0
8214,0
8215,0
8216,1
8217,0
8218,0
8219,1
8220,0
8221,0
8222,0
8223,1
8224,2
8225,0
8226,1
8227,1
8228,0
8229,1
8230,1
8231,0
8232,0
8233,3
8234,2
8235,0
8236,1
8237,1
8238,3
8239,3
8240,3
8241,2
8242,1
8243,1
8244,1
8245,1
8246,1
8247,1
8248,2
8249,1
8250,0
8251,1
8252,1
8253,1
8254,1
8255,1
8256,2
8257,1
8258,3
8259,0
8260,2
8261,0
8262,1
8263,1
8264,1
8265,1
8266,0
8267,0
8268,0
8269,1
8270,1
8271,0
8272,1
8273,0
8274,0
8275,3
8276,1
8277,2
8278,1
8279,0
8280,1
8281,1
8282,1
8283,2
8284,1
8285,0
8286,3
8287,1
8288,1
8289,3
8290,3
8291,0
8292,2
8293,0
8294,2
8295,1
8296,1
8297,1
8298,3
8299,1
8300,1
8301,1
8302,1
8303,1
8304,0
8305,2
8306,1
8307,3
8308,1
8309,0
8310,0
8311,1
8312,1
8313,0
8314,1
8315,1
8316,1
8317,1
8318,3
8319,2
8320,0
8321,1
8322,0
8323,0
8324,0
8325,2
8326,0
8327,1
8328,1
8329,1
8330,2
8331,0
8332,0
8333,3
8334,0
8335,0
8336,2
8337,0
8338,1
8339,3
8340,1
8341,1
8342,1
8343,2
8344,2
8345,2
8346,2
8347,2
8348,0
8349,0
8350,1
8351,1
8352,1
8353,1
8354,2
8355,2
8356,3
8357,0
8358,0
8359,1
8360,2
8361,1
8362,1
8363,1
8364,1
8365,3
8366,2
8367,3
8368,1
8369,1
8370,0
8371,0
8372,1
8373,1
8374,0
8375,1
8376,3
8377,2
8378,2
8379,1
8380,1
8381,3
8382,3
8383,1
8384,0
8385,1
8386,1
8387,0
8388,1
8389,0
8390,0
8391,1
8392,0
8393,1
8394,1
8395,2
8396,2
8397,1
8398,1
8399,1
8400,1
8401,1
8402,1
8403,1
8404,0
8405,1
8406,1
8407,1
8408,1
8409,2
8410,1
8411,1
8412,1
8413,1
8414,3
8415,1
8416,2
8417,2
8418,3
8419,1
8420,0
8421,1
8422,3
8423,3
8424,1
8425,1
8426,0
8427,1
8428,0
8429,0
8430,0
8431,3
8432,1
8433,0
8434,3
8435,1
8436,1
8437,1
8438,3
8439,1
8440,1
8441,1
8442,1
8443,2
8444,0
8445,1
8446,1
8447,1
8448,0
8449,0
8450,3
8451,1
8452,1
8453,1
8454,2
8455,2
8456,2
8457,0
8458,1
8459,1
8460,1
8461,0
8462,1
8463,0
8464,0
8465,1
8466,0
8467,1
8468,1
8469,1
8470,0
8471,3
8472,1
8473,1
8474,3
8475,1
8476,1
8477,1
8478,1
8479,1
8480,0
8481,0
8482,1
8483,2
8484,1
8485,0
8486,1
8487,1
8488,1
8489,1
8490,1
8491,3
8492,1
8493,1
8494,1
8495,1
8496,2
8497,1
8498,1
8499,0
8500,3
8501,3
8502,2
8503,1
8504,3
8505,0
8506,1
8507,1
8508,1
8509,2
8510,1
8511,1
8512,3
8513,1
8514,2
8515,2
8516,1
8517,2
8518,1
8519,0
8520,0
8521,1
8522,1
8523,0
8524,1
8525,0
8526,0
8527,1
8528,1
8529,2
8530,1
8531,1
8532,1
8533,1
8534,2
8535,0
8536,0
8537,1
8538,2
8539,2
8540,0
8541,1
8542,0
8543,0
8544,1
8545,3
8546,0
8547,1
8548,1
8549,2
8550,1
8551,1
8552,0
8553,1
8554,0
8555,3
8556,2
8557,1
8558,1
8559,2
8560,3
8561,1
8562,2
8563,0
8564,0
8565,3
8566,0
8567,3
8568,0
8569,0
8570,0
8571,1
8572,2
8573,0
8574,3
8575,3
8576,3
8577,1
8578,2
8579,0
8580,2
8581,1
8582,0
8583,0
8584,0
8585,0
8586,1
8587,1
8588,1
8589,1
8590,2
8591,0
8592,1
8593,1
8594,1
8595,1
8596,1
8597,0
8598,1
8599,0
8600,1
8601,2
8602,1
8603,0
8604,2
8605,0
8606,3
8607,2
8608,0
8609,3
8610,1
8611,1
8612,1
8613,1
8614,1
8615,1
8616,1
8617,3
8618,0
8619,2
8620,0
8621,3
8622,2
8623,0
8624,1
8625,2
8626,0
8627,3
8628,3
8629,0
8630,1
8631,3
8632,0
8633,1
8634,2
8635,3
8636,0
8637,2
8638,1
8639,1
8640,3
8641,3
8642,0
8643,2
8644,1
8645,2
8646,3
8647,1
8648,0
8649,1
8650,0
8651,0
8652,1
8653,3
8654,2
8655,1
8656,1
8657,1
8658,1
8659,3
8660,0
8661,0
8662,0
8663,0
8664,0
8665,1
8666,0
8667,1
8668,0
8669,2
8670,1
8671,1
8672,1
8673,1
8674,2
8675,1
8676,1
8677,3
8678,1
8679,1
8680,1
8681,1
8682,0
8683,2
8684,0
8685,1
8686,2
8687,0
8688,1
8689,0
8690,0
8691,0
8692,3
8693,2
8694,1
8695,0
8696,0
8697,3
8698,2
8699,1
8700,2
8701,1
8702,1
8703,0
8704,1
8705,1
8706,1
8707,1
8708,1
8709,0
8710,1
8711,0
8712,1
8713,2
8714,0
8715,0
8716,2
8717,0
8718,0
8719,0
8720,1
8721,0
8722,2
8723,1
8724,1
8725,2
8726,3
8727,1
8728,1
8729,1
8730,1
8731,0
8732,1
8733,1
8734,0
8735,1
8736,1
8737,0
8738,3
8739,0
8740,3
8741,3
8742,1
8743,2
8744,1
8745,0
8746,3
8747,1
8748,0
8749,1
8750,1
8751,1
8752,1
8753,3
8754,3
8755,1
8756,1
8757,1
8758,1
8759,2
8760,3
8761,1
8762,1
8763,1
8764,0
8765,0
8766,0
8767,2
8768,3
8769,0
8770,2
8771,1
8772,2
8773,1
8774,0
8775,0
8776,0
8777,2
8778,3
8779,0
8780,1
8781,0
8782,1
8783,0
8784,1
8785,1
8786,1
8787,2
8788,1
8789,1
8790,1
8791,3
8792,3
8793,3
8794,3
8795,1
8796,1
8797,0
8798,1
8799,3
8800,1
8801,0
8802,1
8803,3
8804,0
8805,1
8806,0
8807,2
8808,1
8809,1
8810,1
8811,3
8812,1
8813,3
8814,1
8815,3
8816,0
8817,0
8818,0
8819,1
8820,1
8821,1
8822,2
8823,2
8824,2
8825,1
8826,0
8827,3
8828,1
8829,0
8830,3
8831,0
8832,0
8833,1
8834,1
8835,3
8836,2
8837,1
8838,2
8839,1
8840,0
8841,2
8842,3
8843,1
8844,0
8845,1
8846,1
8847,0
8848,1
8849,2
8850,0
8851,1
8852,0
8853,1
8854,3
8855,2
8856,0
8857,1
8858,0
8859,3
8860,1
8861,1
8862,1
8863,1
8864,0
8865,3
8866,1
8867,1
8868,1
8869,0
8870,1
8871,0
8872,2
8873,0
8874,1
8875,2
8876,1
8877,0
8878,1
8879,2
8880,1
8881,0
8882,1
8883,3
8884,1
8885,1
8886,1
8887,0
8888,0
8889,1
8890,2
8891,1
8892,3
8893,0
8894,0
8895,0
8896,3
8897,2
8898,0
8899,1
8900,1
8901,0
8902,0
8903,1
8904,1
8905,1
8906,1
8907,2
8908,2
8909,1
8910,2
8911,0
8912,3
8913,1
8914,1
8915,1
8916,3
8917,2
8918,1
8919,1
8920,1
8921,0
8922,0
8923,2
8924,1
8925,1
8926,0
8927,2
8928,3
8929,0
8930,2
8931,0
8932,0
8933,1
8934,0
8935,1
8936,1
8937,3
8938,3
8939,3
8940,0
8941,0
8942,1
8943,1
8944,0
8945,0
8946,1
8947,1
8948,3
8949,0
8950,2
8951,1
8952,1
8953,1
8954,3
8955,1
8956,1
8957,1
8958,0
8959,1
8960,2
8961,0
8962,0
8963,1
8964,3
8965,0
8966,3
8967,0
8968,1
8969,2
8970,3
8971,1
8972,3
8973,1
8974,1
8975,3
8976,1
8977,2
8978,1
8979,0
8980,1
8981,1
8982,2
8983,1
8984,3
8985,1
8986,0
8987,1
8988,1
8989,2
8990,2
8991,1
8992,2
8993,2
8994,1
8995,0
8996,1
8997,1
8998,1
8999,0
9000,1
9001,1
9002,0
9003,2
9004,0
9005,0
9006,3
9007,1
9008,2
9009,3
9010,0
9011,1
9012,1
9013,1
9014,1
9015,1
9016,0
9017,1
9018,0
9019,2
9020,0
9021,1
9022,1
9023,2
9024,1
9025,1
9026,3
9027,1
9028,2
9029,1
9030,0
9031,0
9032,0
9033,2
9034,1
9035,3
9036,3
9037,1
9038,1
9039,2
9040,1
9041,1
9042,0
9043,1
9044,1
9045,1
9046,1
9047,0
9048,0
9049,1
9050,0
9051,3
9052,2
9053,1
9054,1
9055,1
9056,1
9057,3
9058,1
9059,3
9060,1
9061,1
9062,3
9063,1
9064,1
9065,1
9066,1
9067,1
9068,3
9069,0
9070,3
9071,1
9072,2
9073,1
9074,0
9075,1
9076,1
9077,3
9078,1
9079,1
9080,3
9081,0
9082,1
9083,2
9084,0
9085,0
9086,2
9087,2
9088,0
9089,1
9090,0
9091,2
9092,1
9093,1
9094,0
9095,0
9096,0
9097,0
9098,1
9099,1
9100,1
9101,1
9102,1
9103,3
9104,1
9105,3
9106,3
9107,0
9108,0
9109,1
9110,1
9111,1
9112,1
9113,2
9114,3
9115,0
9116,1
9117,3
9118,1
9119,0
9120,3
9121,1
9122,2
9123,1
9124,1
9125,0
9126,1
9127,2
9128,1
9129,1
9130,0
9131,0
9132,2
9133,1
9134,1
9135,2
9136,1
9137,2
9138,1
9139,3
9140,1
9141,1
9142,3
9143,2
9144,2
9145,0
9146,1
9147,0
9148,1
9149,1
9150,1
9151,1
9152,0
9153,3
9154,1
9155,1
9156,1
9157,2
9158,2
9159,0
9160,0
9161,0
9162,1
9163,2
9164,1
9165,1
9166,1
9167,0
9168,0
9169,1
9170,3
9171,3
9172,3
9173,2
9174,3
9175,1
9176,3
9177,1
9178,2
9179,1
9180,1
9181,0
9182,0
9183,1
9184,0
9185,1
9186,0
9187,3
9188,1
9189,3
9190,3
9191,2
9192,1
9193,1
9194,1
9195,1
9196,1
9197,1
9198,1
9199,0
9200,0
9201,3
9202,1
9203,1
9204,0
9205,3
9206,0
9207,0
9208,0
9209,3
9210,0
9211,2
9212,3
9213,0
9214,0
9215,2
9216,3
9217,0
9218,1
9219,3
9220,1
9221,0
9222,1
9223,0
9224,1
9225,3
9226,1
9227,3
9228,1
9229,2
9230,2
9231,0
9232,3
9233,1
9234,1
9235,2
9236,1
9237,1
9238,1
9239,1
9240,0
9241,3
9242,1
9243,1
9244,0
9245,1
9246,1
9247,0
9248,3
9249,1
9250,0
9251,3
9252,1
9253,2
9254,2
9255,2
9256,0
9257,1
9258,1
9259,2
9260,0
9261,0
9262,1
9263,1
9264,1
9265,0
9266,1
9267,0
9268,1
9269,3
9270,1
9271,0
9272,1
9273,1
9274,1
9275,0
9276,0
9277,1
9278,1
9279,0
9280,0
9281,0
9282,0
9283,1
9284,1
9285,1
9286,3
9287,1
9288,1
9289,1
9290,1
9291,2
9292,1
9293,1
9294,0
9295,1
9296,0
9297,0
9298,1
9299,3
9300,1
9301,1
9302,1
9303,0
9304,0
9305,2
9306,1
9307,1
9308,0
9309,1
9310,1
9311,1
9312,0
9313,1
9314,1
9315,0
9316,2
9317,1
9318,1
9319,0
9320,1
9321,0
9322,0
9323,1
9324,2
9325,0
9326,0
9327,1
9328,0
9329,2
9330,1
9331,1
9332,0
9333,0
9334,0
9335,1
9336,0
9337,0
9338,1
9339,0
9340,1
9341,0
9342,0
9343,1
9344,1
9345,2
9346,3
9347,2
9348,1
9349,1
9350,1
9351,2
9352,3
9353,1
9354,1
9355,1
9356,1
9357,0
9358,0
9359,1
9360,1
9361,3
9362,0
9363,1
9364,2
9365,1
9366,0
9367,1
9368,0
9369,1
9370,1
9371,1
9372,0
9373,0
9374,0
9375,0
9376,2
9377,1
9378,1
9379,0
9380,1
9381,0
9382,3
9383,1
9384,0
9385,3
9386,1
9387,2
9388,1
9389,0
9390,3
9391,1
9392,1
9393,0
9394,1
9395,0
9396,0
9397,0
9398,0
9399,0
9400,1
9401,2
9402,1
9403,0
9404,1
9405,0
9406,1
9407,1
9408,3
9409,3
9410,1
9411,1
9412,3
9413,1
9414,1
9415,2
9416,1
9417,0
9418,0
9419,0
9420,1
9421,2
9422,0
9423,0
9424,0
9425,1
9426,3
9427,0
9428,1
9429,1
9430,2
9431,0
9432,3
9433,0
9434,1
9435,0
9436,3
9437,1
9438,2
9439,0
9440,0
9441,3
9442,3
9443,2
9444,3
9445,1
9446,1
9447,1
9448,0
9449,2
9450,3
9451,1
9452,1
9453,1
9454,3
9455,2
9456,1
9457,1
9458,3
9459,0
9460,2
9461,1
9462,1
9463,2
9464,3
9465,1
9466,1
9467,1
9468,1
9469,1
9470,1
9471,1
9472,0
9473,1
9474,0
9475,0
9476,1
9477,0
9478,3
9479,1
9480,1
9481,0
9482,1
9483,1
9484,0
9485,3
9486,1
9487,0
9488,2
9489,0
9490,3
9491,1
9492,0
9493,0
9494,1
9495,1
9496,1
9497,2
9498,1
9499,0
9500,2
9501,1
9502,1
9503,2
9504,0
9505,1
9506,1
9507,1
9508,3
9509,3
9510,3
9511,1
9512,2
9513,2
9514,3
9515,2
9516,1
9517,1
9518,2
9519,2
9520,1
9521,1
9522,3
9523,1
9524,0
9525,0
9526,3
9527,0
9528,3
9529,1
9530,1
9531,0
9532,1
9533,1
9534,1
9535,1
9536,1
9537,3
9538,1
9539,3
9540,1
9541,2
9542,1
9543,0
9544,1
9545,1
9546,3
9547,1
9548,1
9549,0
9550,1
9551,1
9552,1
9553,1
9554,2
9555,1
9556,1
9557,1
9558,1
9559,0
9560,1
9561,1
9562,3
9563,2
9564,3
9565,1
9566,3
9567,2
9568,0
9569,2
9570,0
9571,2
9572,0
9573,1
9574,2
9575,0
9576,1
9577,0
9578,0
9579,0
9580,1
9581,1
9582,0
9583,1
9584,1
9585,1
9586,2
9587,1
9588,0
9589,1
9590,1
9591,1
9592,2
9593,1
9594,0
9595,0
9596,3
9597,1
9598,1
9599,1
9600,1
9601,1
9602,1
9603,1
9604,2
9605,1
9606,2
9607,0
9608,1
9609,0
9610,1
9611,1
9612,1
9613,0
9614,1
9615,3
9616,1
9617,1
9618,1
9619,1
9620,1
9621,1
9622,2
9623,1
9624,3
9625,1
9626,3
9627,3
9628,1
9629,2
9630,0
9631,1
9632,1
9633,3
9634,1
9635,1
9636,1
9637,1
9638,1
9639,1
9640,0
9641,1
9642,1
9643,3
9644,1
9645,3
9646,3
9647,1
9648,0
9649,0
9650,3
9651,1
9652,0
9653,1
9654,1
9655,3
9656,1
9657,1
9658,1
9659,1
9660,0
9661,1
9662,1
9663,1
9664,1
9665,1
9666,1
9667,1
9668,2
9669,0
9670,0
9671,1
9672,1
9673,2
9674,0
9675,1
9676,0
9677,1
9678,0
9679,1
9680,0
9681,1
9682,1
9683,1
9684,1
9685,0
9686,0
9687,1
9688,0
9689,0
9690,1
9691,0
9692,2
9693,1
9694,1
9695,2
9696,0
9697,1
9698,1
9699,3
9700,1
9701,0
9702,0
9703,0
9704,3
9705,0
9706,1
9707,1
9708,1
9709,3
9710,3
9711,1
9712,3
9713,1
9714,1
9715,1
9716,1
9717,3
9718,3
9719,1
9720,1
9721,1
9722,0
9723,2
9724,1
9725,1
9726,1
9727,1
9728,0
9729,0
9730,1
9731,1
9732,0
9733,2
9734,1
9735,1
9736,1
9737,1
9738,1
9739,1
9740,0
9741,1
9742,2
9743,1
9744,1
9745,2
9746,1
9747,1
9748,0
9749,1
9750,1
9751,2
9752,1
9753,1
9754,1
9755,1
9756,1
9757,1
9758,1
9759,1
9760,1
9761,2
9762,1
9763,0
9764,1
9765,1
9766,1
9767,3
9768,3
9769,1
9770,1
9771,0
9772,1
9773,3
9774,3
9775,1
9776,1
9777,3
9778,2
9779,1
9780,0
9781,1
9782,2
9783,0
9784,2
9785,2
9786,3
9787,2
9788,1
9789,1
9790,1
9791,1
9792,1
9793,3
9794,0
9795,1
9796,1
9797,3
9798,1
9799,0
9800,0
9801,0
9802,0
9803,1
9804,3
9805,0
9806,3
9807,3
9808,3
9809,3
9810,1
9811,1
9812,0
9813,0
9814,2
9815,0
9816,2
9817,2
9818,0
9819,0
9820,1
9821,3
9822,1
9823,1
9824,1
9825,1
9826,1
9827,3
9828,2
9829,2
9830,3
9831,0
9832,1
9833,0
9834,2
9835,0
9836,0
9837,0
9838,0
9839,1
9840,1
9841,1
9842,0
9843,1
9844,3
9845,1
9846,2
9847,0
9848,1
9849,0
9850,0
9851,3
9852,0
9853,0
9854,3
9855,1
9856,2
9857,1
9858,1
9859,0
9860,1
9861,1
9862,0
9863,3
9864,3
9865,2
9866,3
9867,2
9868,1
9869,1
9870,1
9871,1
9872,2
9873,1
9874,0
9875,3
9876,1
9877,1
9878,2
9879,0
9880,3
9881,0
9882,0
9883,1
9884,1
9885,2
9886,0
9887,1
9888,3
9889,1
9890,1
9891,2
9892,1
9893,0
9894,1
9895,0
9896,2
9897,1
9898,1
9899,0
9900,3
9901,2
9902,1
9903,2
9904,1
9905,2
9906,0
9907,1
9908,2
9909,1
9910,0
9911,1
9912,0
9913,3
9914,1
9915,0
9916,0
9917,0
9918,2
9919,1
9920,0
9921,1
9922,1
9923,0
9924,1
9925,0
9926,1
9927,1
9928,1
9929,1
9930,0
9931,1
9932,0
9933,3
9934,1
9935,2
9936,1
9937,2
9938,2
9939,1
9940,2
9941,3
9942,1
9943,0
9944,1
9945,1
9946,1
9947,1
9948,3
9949,1
9950,1
9951,2
9952,3
9953,3
9954,1
9955,2
9956,0
9957,1
9958,1
9959,1
9960,0
9961,2
9962,1
9963,0
9964,1
9965,1
9966,0
9967,0
9968,0
9969,1
9970,1
9971,1
9972,0
9973,3
9974,1
9975,1
9976,1
9977,3
9978,1
9979,1
9980,1
9981,1
9982,0
9983,3
9984,1
9985,1
9986,0
9987,1
9988,1
9989,3
9990,2
9991,0
9992,0
9993,3
9994,1
9995,0
9996,1
9997,3
9998,0
9999,3
10000,0
